标题,UP主,分区,播放量,点赞数,评论数,弹幕数,收藏数,投币数,分享数,时长秒,发布时间,BV号
⚡️宗 主 连 携 技⚡️,自动鬼畜中的WZ,鬼畜调教,2691884,286077,5351,1824,56504,58573,13992,140,2026-08-01 04:00:00,BV1Nr3s6rE79
当你假装单词考过了...,多米糯骨嘎,搞笑,638551,67029,735,295,7013,4428,1422,125,2026-08-01 08:51:50,BV12iGg6rEyh
刚才发错了,脱缰凯Kk,小剧场,1859795,127820,1866,3593,10129,3863,1014,218,2026-08-01 14:42:32,BV1qR3m6cEo5
【独家】《记忆管理局》第1集 在世界末日前回到过去吧【8月国创】,哔哩哔哩国创,国产动画,399083,14082,1919,9424,4525,10420,3524,1752,2026-08-02 04:00:02,BV1M6GA6dEQc
关于鼠鼠怎么活到现在,wzbxlmzhnq,手机游戏,433101,64668,3841,2308,6425,48571,461,214,2026-08-01 08:45:36,BV1DaGg65EpL
第5集丨“零号大坝开满了鲜花？”,是DollDoll,影视剪辑,1276788,133959,2659,2389,32442,25405,6716,241,2026-08-01 10:25:00,BV1WpGu6aEC7
【命运-冠位指定×上美影】简中版十周年专属PV——行迹,命运-冠位指定,手机游戏,4543083,51939,5767,7223,24398,32068,7636,236,2026-07-29 04:00:00,BV1xAK865ESF
"""大狗？？老吴！！""",一大筐会飞的草莓,鬼畜剧场,1636810,118371,1732,1362,16122,6327,4574,199,2026-08-01 03:45:00,BV1dTGP6TE5v
我们拍到了水下风暴,影视飓风,数码,3667288,251115,2611,15367,59679,98003,10483,1488,2026-07-31 09:01:27,BV1c7GA6kEqN
【独家】牧神记 第94集 厉天行与皇帝,哔哩哔哩国创,国产动画,1213867,20995,768,4744,2082,15764,98,1255,2026-08-02 03:00:10,BV17YGu6REPJ
“连坐制”，一款如今人人都在玩的热门游戏,鱼蛋教育圈,小剧场,724861,41073,710,295,6044,1654,737,213,2026-08-01 09:55:00,BV1UjG365E8H
究竟怎样的终点，才配得上这一路的颠沛流离,Goo_gle_,同人·手书,1177620,125907,667,199,13942,21402,1369,39,2026-07-31 13:25:08,BV12tGP6XEvH
《找工作是你的谎言》,郑凯伦伦伦,搞笑,2004854,162840,913,792,16137,1967,818,495,2026-07-31 12:30:00,BV1RXGP6iEWo
乌合之众：一个流传百年的心理学谎言,大圆镜科普,科学科普,576834,68292,1762,772,10098,2334,952,457,2026-08-02 00:00:00,BV12A3Q6HEL3
【TF家族练习生】《异常加载中》 MV,TF家族,明星综合,377949,41198,5790,163026,14938,5596,7015,189,2026-08-02 04:00:00,BV19z326HEhj
华强买瓜，但摄影师是新手,伊介书生,鬼畜剧场,343666,21463,557,514,5254,2553,1562,196,2026-08-01 15:45:12,BV1eH3m6XEhN
我发现了一个诡异的论坛....,某幻君,单机游戏,861546,76905,4254,20629,34688,29782,4287,7363,2026-08-01 08:38:29,BV19wG369Edu
【TF家族练习生】《突围II破局》EP06：我们把彼此留下来（上）,TF家族,明星综合,2012294,107926,6809,1453311,48597,13837,3199,3601,2026-08-01 11:00:00,BV15CG36dEsF
正宗大盘鸡到底有没有土豆？？【主播说三农】,央视农业,三农,934843,77369,7007,2712,3560,3317,3136,232,2026-08-01 14:22:46,BV1JQ3m6AEoW
机械美学的开山之作《变形金刚》，多年过去依旧是无法超越的开篇,摩斯神探,影视杂谈,1654643,76614,971,1039,7765,684,211,1056,2026-08-01 01:00:00,BV1oPGP6uEXZ
大智斗时代：戴夫与僵尸博士的顶级智斗,陈君un,日常,786443,81288,1589,1374,22249,2690,3953,100,2026-08-01 06:46:46,BV12JG36GEVG
【warma】我为1000亿奖金挑战天才作者谜题！,Warma,手机游戏,1149047,115726,2210,4050,31991,36226,2963,860,2026-08-01 04:00:00,BV1gfGw6RE5p
小时候看不懂，长大后已是局中人,就叫阿路8,影视剪辑,5165934,667336,15521,23522,168634,150409,19741,149,2026-07-30 03:05:00,BV1qh3W6bEqf
终于实现回城自由，有没有事都可以回城一下了,磊哥游戏,单机游戏,521104,41180,1923,623,1430,1740,505,125,2026-08-02 01:00:00,BV1md3266ELt
别光顾着玩手机,不是唐嘉琦,日常,1934225,231735,3187,1161,12362,5193,1785,30,2026-08-01 11:47:28,BV1eKGV6fEpM
😊什么样的结局才配得上这一路的颠沛流离……【一口气看完】,无处可去的愚者,单机游戏,1975862,128829,1558,3004,36338,70815,3220,2835,2026-07-31 07:30:00,BV1vk3t6qEUL
《原神》至冬交响音乐现场,原神,手机游戏,996823,174192,22885,11417,47069,112415,12326,544,2026-08-01 04:00:00,BV1riGw6zELu
遗忘之海 x 海绵宝宝联动 实机演示,遗忘之海,GMV,388399,13559,838,318,4638,5598,526,117,2026-08-02 02:00:00,BV11xGw6jERt
【合唱】千本樱（100000人）                                     【B萌应援】,合肥南站-,VOCALOID·UTAU,619225,149548,4807,7679,50864,24281,12230,245,2026-07-31 09:14:45,BV1dyGw6PEkQ
假如你和十万人一起相亲【AI全民制作人】,星辉绿野,同人·手书,646711,58757,1708,836,5139,2090,646,193,2026-08-01 09:53:38,BV1CtGV6yEUR
此男难道只有脸吗？演技才是他的硬通货啊！口轮匝肌都能用来演戏也是很牛了，赶快让此男多演戏造福观众吧,丁小丁咋啥都剪,娱乐粉丝创作,525559,12189,912,271,2326,2098,629,126,2026-07-31 13:50:14,BV1unGP6bEwv
他叫李白 我最爱的英雄,小轩-国服李白,手机游戏,563433,17141,613,363,2521,1463,288,625,2026-08-01 02:00:00,BV1cx326wENd
比利时胡子玫瑰鸡出壳,香姐和老杨,三农,906073,79212,1512,880,7654,10833,3827,756,2026-07-27 14:06:25,BV1813c6DEvg
不是只有伟大的艺术家才能创作出好的作品～,油菜菜-,手工,2690872,359756,1706,395,48929,11985,2916,51,2026-07-31 09:24:52,BV18ZGw6sE2j
手绘469张！还原EVA主题曲,棕与灰9,绘画,4069032,427519,3001,1534,82505,154598,11740,123,2026-07-29 11:05:43,BV1aP326jEi8
人民好律师续续续续,陈凡尘,搞笑,611668,63507,1848,633,13532,4124,1085,173,2026-08-01 10:52:27,BV1pYGV63EjS
动手能力超强！13岁男生用废纸板和胶水，“手搓”各种武器装备模型。,中国青年报,亲子,4184431,252155,6938,1134,12819,2639,2686,38,2026-08-01 00:30:00,BV1FcGP6GEWV
撕皮撕皮3.0，快被催死了呜呜呜，你们为何如此爱看撕皮！！！,兜里没糖slime,手工,1159708,15713,603,320,2304,1046,533,170,2026-07-30 12:00:00,BV1mj3x6mEsz
父母眼中让人笑话的一生belike,班长AI频道,日常,3464333,198367,5112,637,33740,3230,16465,39,2026-07-31 04:39:30,BV1sKGc63EAz
这么巧？你们也在消星？,争取最后的自由,汽车生活,955577,39422,1344,2363,3993,1983,1179,690,2026-08-01 00:00:00,BV1JfGA6CEuw
今天请大家吃一颗——原子蛋！,MrSaucy,美食制作,1036365,86912,1637,810,8304,2130,5385,99,2026-07-31 02:37:21,BV19MGw6ZEHa
郝 哥 面 馆,乌贼酱,人力VOCALOID,767842,33700,1167,1366,7595,6367,3335,207,2026-07-31 15:31:16,BV1RMGP6iE6E
把童年看过的炸裂书拍成炸裂短片,四夕小田木_,小剧场,515752,21280,644,755,3396,3351,965,425,2026-08-01 04:00:00,BV18dGw6dEMN
1分钟听完8国调式的《千本樱》。,万伟康music,音乐教学,3260542,332526,4025,1453,63026,16197,7119,57,2026-07-30 12:00:00,BV1hm3W6mEwK
当我合成了寰宇支配之剑belike:,烨某人Zzzz,手机游戏,868598,79491,771,559,13008,8398,1372,239,2026-07-29 12:57:07,BV1Po3y6AE6T
【速凌】我不会把她一个人留在电影院，或者航天基地。,高司令-速凌电竞,单机游戏,2360203,80470,1543,3500,32891,4772,986,396,2026-08-01 07:36:21,BV1BdGg6ZEC6
"Kimi K3是咋回事？怎么就让美国""吵""起来了？",小Lin竖着说,财经商业,432449,26584,854,447,4013,1341,989,314,2026-07-31 03:30:00,BV1TZ3x6SEKM
关于彩礼这事……,ENX叉叉酱,同人·手书,899530,126914,4373,315,12241,8101,1923,64,2026-08-01 11:00:00,BV1SVG36LEwo
古罗马离谱习俗——两千年前的古罗马，开放程度与市井智慧，完全颠覆现代人的认知。,庞贝老丁,出行,3886262,495706,10930,11346,109192,26351,56076,406,2026-07-29 03:00:00,BV1iAKb6xEEV
全新【监管者】——“心兽”将于8月3日上线共研服，技能介绍视频公开！,网易第五人格手游,手机游戏,307994,16227,7370,3922,1939,1214,19137,123,2026-08-02 04:00:00,BV1fv3D66ERy
对 抗 路 迎 来 大 变20.0,一只白色QvQ,手机游戏,1699195,60191,1124,681,4772,1484,1214,203,2026-07-28 10:00:00,BV1oj3i64Eib
《全世界最会用AI的人》,嘞是唐孃孃,搞笑,1713069,122927,1783,1034,5514,1569,1850,129,2026-07-31 11:35:32,BV12uGN6RETc
“设计出这条赛道的人真是天才”,尽墨for车,运动综合,1395896,35086,1160,1852,6243,2868,1301,588,2026-07-31 16:05:00,BV1dgGP6NEwc
cos大陀螺55秒拉双闸让全图人6分一起撤离是什么体验？,李谋Leemou,网络游戏,940230,62122,481,856,8666,702,1070,261,2026-08-01 05:00:34,BV1YcGu62E7W
两个固排的诞生,135wgy,特摄,1087105,107299,1579,667,20187,5409,1219,148,2026-07-31 07:59:39,BV1tPGA6nELB
久等啦~欢迎收看新系列！,是许木木啊,日常,706503,78926,2534,4572,17777,13878,2279,993,2026-08-01 09:30:00,BV1WHGu6AEQg
孩子们，猜猜谁死了？,尴尬的铁根er,网络游戏,2139818,75610,2056,694,18048,2347,1653,262,2026-07-31 15:30:49,BV1RMGP6iER1
【咕嘎饭馆】酸酸甜甜锅包肉！,陈千语Sama,综合,264432,35067,452,530,4819,3765,942,84,2026-08-01 23:00:00,BV1sy3S61EkU
【苏新皓｜4K直拍】POWER 直拍｜梦寐以求·演唱会,JUSTSU_苏新皓,娱乐粉丝创作,114781,27605,36802,28664,16732,17648,25957,240,2026-08-02 02:00:00,BV1D23262EaD
只有三句话的婚礼。,橙飞一下,美食记录,888036,34924,2567,1454,3025,6772,2393,359,2026-08-01 10:00:06,BV1WtGV6yEMF
【明日方舟】予愿安洁莉娜实战测评：实力为超大杯上！让我们再一次喊出新神已至！强烈推荐抽取！,人好嘴甜凯尔希,手机游戏,477740,21806,4723,2405,3052,3451,2717,858,2026-08-01 15:32:29,BV1a43m6JE15
边牧,潘宏爱玩狗,汪星人,609927,68880,894,690,2143,2417,1039,199,2026-08-01 11:07:09,BV1ffGG6eEfF
人 类 防 守 精 华,不会剪辑的果子君,篮球,492455,13422,597,687,2920,2267,542,303,2026-08-01 04:00:00,BV19EGM6LELD
世界最大山城！千万不要在重庆随便坐电梯！,十三要和拳头,出行,3877570,40175,1459,1153,29378,10248,2322,783,2026-07-31 10:00:00,BV1xyGc6LEWH
遗忘之海×海绵宝宝联动PV——出发！蟹堡王分店！,遗忘之海,GMV,3757332,97878,2705,1508,30758,24043,6643,121,2026-07-31 02:00:00,BV1V83b6vEaa
这是一只美人鱼，你敢和她直视10秒吗？,老番茄,单机游戏,1254741,120915,1550,4529,16800,10065,1265,2843,2026-08-01 04:00:00,BV1ZNGP6BEJT
28年前的八仙到底在讲什么？一口气看完童年神剧《东游记》,low君热剧,影视杂谈,564034,16534,1398,2972,5059,3549,2102,1279,2026-08-01 02:26:01,BV1KoGu6uE5M
美欧反目：美国离席抗议，法国嘲讽点满,小Q不是导盲犬,社科·法律·心理,650138,34090,2039,4402,5481,2875,796,893,2026-08-01 05:50:48,BV1LCG36dEAx
《原神》角色演示-「公莉：咯咯哒」,金咸鱼,手机游戏,516683,53091,2846,1826,9225,6427,19995,102,2026-08-01 05:29:37,BV1VUG36pE75
当我和同学大半夜兜风路过初中于是我们直接翻进去弹琴,小憩memories,演奏,1608135,98866,1670,626,19809,2418,834,245,2026-07-31 23:02:13,BV15qGT65EyZ
【揽佬】中国人能飞～黄皮肤才对～讲中文才飞～中国就是美,网易云音乐,音乐综合,2154812,167821,10320,4949,38839,10967,39376,99,2026-07-30 04:28:53,BV12L3x67ECs
新三国up锐评神探狄仁杰09：杀害我的凶手是…额！,吃蛋挞的折棒,影视剪辑,237861,19266,2244,5136,3425,9359,204,1832,2026-08-02 02:00:00,BV1w23m6qEnn
救援史上的奇迹：男子被困千米深洞穴，700人耗资百万欧元营救！,好奇罗盘,科学科普,946723,64584,2084,2607,22271,3138,1797,902,2026-07-30 10:21:32,BV1EE346NEcp
当你偷偷开创造和朋友玩MC会发生...,安坤哒,单机游戏,1521083,16797,98,1967,7975,728,78,181,2026-08-01 03:05:00,BV1JJGA6gEEe
海绵宝宝大战僵尸day1，海绵宝宝射手,铜锣戏语,单机游戏,298241,12493,442,96,2444,743,342,96,2026-08-01 10:11:13,BV14HGV6UESe
马尔代夫还有这种服务？700元 vs 35000元酒店！差距会有多大？,兔兔不会秃秃,日常,81452,10425,635,741,2298,1664,202,795,2026-08-02 04:54:27,BV1993X6KEP4
《你看到没？》,嘞是唐孃孃,搞笑,759959,52966,889,262,1562,578,819,89,2026-08-01 10:00:00,BV1m4GP6WEhX
《原神》7.0版本PV：「无神怜爱的雪国」,原神,手机游戏,2946781,263495,18717,23928,42774,77030,29046,1134,2026-07-31 13:10:00,BV1EpGA6uEDX
⚡️内 存 救 星⚡️16G打游戏彻底过剩！  SteamOS 3.8深度评测,阿狸才不是受,数码,683338,41332,1659,841,10403,3291,1870,537,2026-08-01 10:05:00,BV1J9Gg6cE2d
《飞舞吧忍者第二季》ep03—黑白忍途,鬼叔黍,手机游戏,101251,17795,820,4052,5196,11594,2700,3174,2026-08-02 04:00:00,BV1KFGg6TEjo
兄弟，我们就这么躺着别人真的看不到吗？,少年五之歌,单机游戏,240094,30246,1330,1936,6436,11854,271,1031,2026-08-02 00:00:00,BV1bEGV6DE99
现在月薪3000……,季潼,日常,1088768,48590,989,573,11866,4093,461,252,2026-07-31 10:38:04,BV16BGw6MEFw
末日高架桥，我们被困了100天！P6,马里奥红叔,单机游戏,619232,89599,1192,6289,22832,46372,688,1548,2026-08-01 03:00:00,BV1FKGM6sEwe
探访女主播的家 给我整不会了！,野生鱼白,搞笑,960155,31666,1153,1386,8811,4998,2489,510,2026-08-01 01:00:00,BV1L3GP6vE39
《次子就是次子》,伤心欲茄222,搞笑,3348922,367318,5922,1436,23042,6094,4897,121,2026-07-31 04:00:00,BV17n3b6rEHs
剩菜实力排行，你最喜欢吃什么剩菜？,东方日出哇,特摄,973543,47621,1495,1383,6236,800,752,366,2026-08-01 05:39:06,BV15CG36dE33
万蛇之王！全世界最大的剧毒蛇它终于来了,ZGL蛇语者,野生动物,315954,25634,1272,1620,2844,2463,1674,445,2026-08-01 10:50:00,BV1gDGu6VEtq
胜者才有资格享受阿漂【鸣潮泳装PV】,仓鼠想要变成球,同人·手书,237817,24682,462,273,12410,7824,1677,163,2026-08-01 10:00:00,BV1gRG36EEmP
田野里的哈基米～,麻怪与麻瓜,喵星人,994283,109018,1410,212,7793,1027,2190,49,2026-08-01 03:42:48,BV1fvGu6WENK
搭讪包子局。#抽象 #万万没想到 #搭讪,ai酷儿小剧场吖,日常,2010649,97790,967,353,11476,748,1644,85,2026-07-27 17:30:21,BV1gU3A64ErZ
化身Superman！摩托老哥解锁新技能,争取最后的自由,汽车生活,7341702,318036,6495,6651,44268,14841,20314,523,2026-07-29 01:14:51,BV1XU3z6AEQi
卢本伟的打牌日记2|盖亚——卢“老师”翻车了,三国百将牌,桌游棋牌,1267125,23377,1075,792,2830,4361,4178,718,2026-07-30 02:55:00,BV1hp3165EnU
当MC服里加入妙脆角小猫(玩家：被生活磨平了妙脆角😁😁,Mr_牛奶,单机游戏,484981,42016,677,333,9066,865,538,107,2026-08-01 13:00:00,BV1zU3164E2u
干嘛猫的vlog（和好朋咪海洋公园一日游！）,荒蛋记录员,喵星人,3618080,108624,1202,738,33422,10188,8024,153,2026-07-30 09:30:00,BV1bQ3x6XEpF
偷偷开通女友亲密付…假大方花一万让她当富婆！看到余额她直接破防！,盖里老哥,日常,610317,17450,770,3384,3798,6522,2453,587,2026-08-01 09:18:12,BV1YTG36nE9H
王师傅还是囚师傅？?柬埔寨系列最长的一期——《勇闯柬埔寨》第十二集,王师傅の日记,日常,139955,13303,1218,6346,2593,15832,430,6247,2026-08-02 03:00:00,BV1TE3U6yEkV
扎心，但真实,全嘻嘻,日常,684759,18143,1257,1815,11760,7407,4341,1833,2026-07-31 11:35:16,BV1r7GN6JEDR
天气“失控”时，我们拍到了这些…,亿点点不一样,科学科普,2162388,114417,2123,4650,35018,31693,3417,878,2026-07-30 09:00:00,BV1KJ3x61E2M
操纵皇室，联手印度，稀土新招，日本首相高市陷入风波？,星辰趣味屋,人文历史,177284,20557,813,2106,3923,9988,229,1300,2026-08-02 02:00:00,BV1a5GV6WENS
“ 恋 爱 大 师 ”2.0,MJ小林大人嗷,GMV,1462515,158556,5572,3641,28091,13819,9880,296,2026-07-31 02:30:00,BV1hD3x6sEcC
喜欢处决客人的便利店员工,拧不动啊真拧不动,单机游戏,460345,30003,576,2536,10258,2158,634,2386,2026-08-01 09:26:46,BV1wUGg6eE4f
【官方音乐】月球基地-植物大战僵尸2（Hi-Res）,植物大战僵尸2,单机游戏,112599,8364,1934,366,1780,813,654,362,2026-08-02 04:00:00,BV1123S65E5v
只能操控鼻子，我们还能通关MC吗？,萝卜吃米洛,单机游戏,222261,30463,513,1090,4050,13662,199,1110,2026-08-02 00:00:00,BV1z33m68EkS
我们都要快快乐乐的,是李森林呀,VOCALOID·UTAU,805569,78022,460,282,2590,5936,183,52,2026-07-29 12:06:50,BV1Ma316uEhW
有一只僵尸在你的桌面上,十米十乂,单机游戏,791533,53130,721,298,13145,5908,1030,206,2026-07-30 12:25:47,BV1Fd3b6mESo
《非霸凌不可吗》,伤心欲茄222,搞笑,4492460,370523,4842,2032,36840,10913,13471,128,2026-07-29 04:16:37,BV1G93r6qEbU
奇怪的玩具工厂 第五章 Part2，结局,鲤鱼Ace,单机游戏,2751777,268974,16598,130102,88931,120794,9777,8976,2026-07-30 04:53:24,BV1DT3x6XEYv
予愿安洁莉娜 VS 全方舟BOSS，新神已至！？【明日方舟】,樗柒ヽ,手机游戏,720235,26620,5808,1795,2272,1743,4557,403,2026-08-01 05:56:16,BV1tZG36jEVV
当你不小心进入了黑乌龟...,小博博三角洲行动,网络游戏,3016638,95239,788,1087,14167,1743,811,166,2026-07-31 07:39:14,BV1TCGA69Eh2
《蜘蛛侠:崭新之日》万字解析！132个彩蛋&细节&结局分析！绿巨人还记得彼得？,超英队长,影视杂谈,486150,21451,2495,2989,7877,8333,3379,1623,2026-08-01 03:48:21,BV1E8Gu6oEhM
暑假无聊belike！,一串大福,搞笑,465497,40472,658,1317,3754,1224,319,145,2026-08-01 10:08:17,BV1bEGV6DE2C
一条蛆的使命,一条蛆的使命,亲子,1408370,230079,3717,763,17614,154786,1442,185,2026-07-29 04:32:20,BV1dv3y6jEsk
如何在航天做到心如止水,鸡头-三角洲行动,电子竞技,194740,17480,188,368,1945,803,246,323,2026-08-01 14:43:01,BV1p13m6TE7V
大 周 礼 时 代(15),诸葛皮皮9527,小剧场,2000402,140404,1926,1074,10107,5247,1568,98,2026-07-31 09:00:00,BV1ZV3w6hE8T
来吧，互相伤害吧,许主任啊啊啊啊,搞笑,3289523,160745,2116,1144,16220,4040,3496,177,2026-07-28 10:11:30,BV1yJ3v6iEGR
奥特钥匙大结局下（凤凰梦比优斯预告）,百火哥斯拉,特摄,609141,76166,8578,18970,15081,27863,4465,91,2026-08-01 11:02:33,BV1qfGG6eEQ3
【MrBeast公益】帮助100名癌症儿童实现心愿,野兽先生MrBeast,日常,1747701,131343,2071,3625,45709,29982,1298,868,2026-07-30 10:05:00,BV18F3k6YE7s
警察上门如何分辨真假？,新华网,日常,1263626,133262,2206,615,25276,1351,683,57,2026-08-01 04:00:00,BV1bcGA6pE4w
如果一个广西人开始吃这些东西，说明他已经快饿死了😵,烛不遥,综合,1422502,48197,4809,4133,8993,1027,2829,257,2026-07-31 13:38:39,BV1x4GP6sEzq
《整改到胃》,伤心欲茄222,搞笑,4334528,370613,2869,1483,24443,5928,7032,115,2026-07-30 04:02:29,BV1ZS3p64Ejs
一条视频看七月：韩国赌命梭哈，美国全球收费，这世界谁正常？,小王Albert,人文历史,1414056,96056,4486,7757,22251,51866,4415,1363,2026-07-31 09:00:00,BV1dbGA6PEAt
求你们了不要再16岁生孩子了好吗好的,笨鸟不会飞--,日常,1345423,101126,3639,1600,13721,2338,2427,325,2026-07-31 04:22:53,BV1pgGc6BEEY
《考场如战场》,伤心欲茄222,搞笑,262739,34148,1043,410,1755,1721,753,96,2026-08-02 04:00:00,BV1M53U67ENK
【李清梦】相信奇迹！星游记新作完全重启！刘北导演原班人马回归！【有生之年#01.10】,李清梦Lavita,动漫杂谈,727465,53656,6861,2429,10704,22551,16167,233,2026-07-31 16:34:43,BV1hwGT6MEyE
Time is mine但是红绿灯三人组纯手搓逐帧动画全曲版,亿只福寿螺,日常,271098,50444,753,351,20253,12643,1060,175,2026-07-31 13:07:15,BV1bNGN6tE71
浅谈少年兜，妈佐能乎完全体，我们虽不以大欺小，但一定以多欺少。造价仅需一顿华莱土的史上最强c忍，——【火影月旦评】,子姬o_O,手机游戏,150481,8830,251,101,1922,856,575,180,2026-08-01 15:46:50,BV1eH3m6XE4o
老大，你的意思是我们抽烟抽的慢也得死吗？,是橘长呀,网络游戏,131602,7609,203,308,1795,897,1460,657,2026-08-02 02:00:00,BV126GG62E9G
【太君の噩梦】造谣成吉思汗和杨贵妃都是日本人，日本野史比你想象中更夸张！,世界大抬杠,人文历史,326322,19287,756,1179,3978,584,364,983,2026-08-01 10:00:00,BV1iwG369ENB
太初神宗的故事（合集）,江橘猫meme,日常,1978966,219967,2650,2929,68237,10856,12729,461,2026-07-30 10:45:49,BV1mz346DEZt
这是“铁头王”陷阱！,幕川北,单机游戏,132470,13695,459,755,1113,1082,82,350,2026-08-02 02:00:00,BV1LEgX6TEhF
“带你沉浸式体验半夜偷吃的惊险时刻”第47集,抽象思维-榜首电竞,日常,859675,41405,472,1400,11573,3446,185,368,2026-07-31 13:23:29,BV1UwGN68E9L
《749局》前传有多离谱？姚晨大战哥斯拉！万字拆解《九层妖塔》,迪普_official,影视杂谈,553136,37005,1745,4891,8529,2053,871,1714,2026-08-01 08:00:00,BV1SXG36SEQT
和野人已经形成了一种禁忌的关系..,小博博三角洲行动,网络游戏,4825612,178003,1673,1404,44232,4597,2342,213,2026-07-29 10:29:12,BV1Hy316cEK2
🍎不要让苹果穿这个啊喂！！（读评论）,RingoTsuga津贺林吾,同人·手书,1373846,143566,2705,1788,24950,12295,1360,142,2026-07-31 03:00:00,BV1ZZGc6vEkC
你说得对，但这就是高考完暑假发生在我家的日常,岁墨河_illas_,日常,1479759,107249,28381,13467,23107,10604,20394,487,2026-07-29 04:56:59,BV1ja3y6JEiZ
阿姨我也分不清鹅腿鸭腿啊！！！！！！【探照灯计划】,蜡笔小坨恰恰恰,影视杂谈,771160,41396,2645,4525,11086,34008,2407,3138,2026-07-31 04:00:00,BV1H53b61Eum
最佳理财全家桶,白菜家的AMD,数码,1913617,166767,8317,2472,35205,4384,14731,282,2026-07-29 08:31:16,BV1CB3C6xEVg
千万别和朋友玩这个游戏！会打起来！,徐大虾咯,单机游戏,444158,43349,988,1954,8125,17181,741,764,2026-08-01 04:05:00,BV1FAGK6UEeh
为什么5天涨粉170万？探索印度鸡佬“成吉思鸡”，让他做一份1000元豪华中国大盘鸡，真有那么美味吗？,猛男阿凯奇幻之旅_kay,出行,1296051,118005,2831,3827,17323,7821,3747,1468,2026-07-31 05:53:28,BV1V1GF6dE3z
爷爷的烂菜板#手工制作#菜板#高手在民间#制作过程,小二哥当家,手工,253627,17677,257,362,3072,617,78,134,2026-07-31 23:00:00,BV13zGN6NEZN
二刷《蜘蛛侠：崭新之日》正式点评！为何评价两极？,BuriedAlien,影视杂谈,566547,25989,7692,5280,5920,5369,2736,1063,2026-08-01 09:51:18,BV1xkGg6BE5K
“孩子们，出了社会可没有人会惯着你”,泽友io,鬼畜调教,390945,46362,317,1061,10477,13379,279,75,2026-08-01 11:48:22,BV1a5GV6WEuu
蚊子：这就是咬老艺术家的下场吗？？？,飞啡等待,绘画,1077898,94644,3677,2011,13064,2120,11432,60,2026-07-31 10:00:00,BV1qWGA6qERo
番茄炒鸡蛋，青椒炒肉丝秒啦～#家常菜 #上热门挑战 #热门音乐,DY辣小白,美食侦探,286818,77213,2192,1179,5788,27755,277,168,2026-08-01 07:57:23,BV1ZRGg6bE4q
【公测】我们为所有崩铁玩家打造了一个新世界！,小三月日记,手机游戏,197715,40826,1800,361,17528,8855,1867,206,2026-08-01 04:00:00,BV1GmGu6LEjX
每多撑1分钟，奖金增加1000美元！,野兽游戏MrBeast,单机游戏,380385,26485,469,672,6094,3208,286,788,2026-08-01 03:00:00,BV1CbGw65EvC
被佛祖大人的红蓝框吓哭了，想要多少分自己填,一只山鸡鱼,日常,1492037,71749,3664,263,6284,763,11640,47,2026-07-31 16:44:18,BV1UtGK6hE2W
山东人吃到美食belike,Coulson不讲李,动物二创,1950772,169611,4742,2248,21431,3612,14752,44,2026-07-31 11:05:00,BV1MkGA6sE25
当所有人随机获得英雄联盟的一个技能...【AI全民制作人】,十万个挑战,影视杂谈,5545812,85049,2217,1712,21648,11922,9803,324,2026-07-30 04:00:00,BV1rw316ZEmM
又将17级以上：台风白海豚将第四次巅峰，8月6日开始影响我国东海,中气爱,科学科普,562355,29147,4179,1826,1897,1264,3189,199,2026-08-01 14:48:53,BV1HS3m6eEun
磁悬浮橙子安洁莉娜,冰棍QAQ1,手工,381801,41131,1272,111,9673,1496,13128,46,2026-08-01 11:16:35,BV1kXGG6BETc
恭喜您成为尊贵的的梅赛德斯奔驰车主！#洗车 #解压 #水泡车修复,阿鑫撸车屋,汽车生活,619922,22362,771,1584,3348,831,1373,412,2026-07-31 10:34:13,BV1rYGw6rEso
国内极具挑战性的五大玩命景区，你敢来挑战吗？,中国旅游攻略,日常,2714179,222624,3323,2820,59652,5800,21781,253,2026-07-27 09:36:08,BV1fT3F6oE5u
【中华圣杯战争】第一集：英灵召唤,早夜星Zoroaster,日常,226487,11579,2068,1181,7291,6710,2483,1206,2026-08-01 04:00:00,BV1GnGK6TEgQ
这个火爆全网的男人，到底是谁？现状如何？,水智风,竞技体育,200223,14171,632,1082,2108,7822,324,471,2026-08-01 08:29:01,BV1bVG36jEHg
当MC里每人都有专属颜色?!！资源互相隔绝 我们能活到最后吗!?!「颜色生存」,夏天y,单机游戏,560673,56554,3025,4395,13335,29013,445,1526,2026-08-01 00:00:00,BV1VEGK6BEHn
孩子们，出了宇宙可没人惯着你,青时晚,影视剪辑,840505,59359,741,1167,9412,12542,600,92,2026-07-31 01:32:43,BV1j33a6LEKm
成为蜘蛛侠的10年，荷兰弟对我说…【蛛联B合】,狂阿弥_,日常,1547615,83641,1720,476,18384,7729,1738,679,2026-07-31 11:21:20,BV1W8Gw6yEC9
这是啥狗？十七张牌给我秒了？,柒玖动漫柒柒游电竞,同人·手书,423125,39239,234,249,8077,771,279,123,2026-08-01 11:25:50,BV1cdGG6qEg4
八一广场，“八一”升旗，10万人现场见证！,央视新闻,日常,560445,85846,1892,3730,6455,14158,3446,285,2026-08-01 02:25:48,BV1ToGu6uEHD
用玉石复刻奥特曼变身器闪光剑第六集,玉雕韩,手工,423088,52085,533,108,3638,5994,248,97,2026-07-31 11:31:57,BV1xuGN6REnR
选择奶蛙还是奶蛋？,奶史_,搞笑,476821,49786,1416,704,5773,544,7005,114,2026-07-31 11:04:28,BV1WGGN6XE2U
我 不 是 给（加了点音效）,89不玩抽象,搞笑,1121469,105751,1213,600,13713,9388,4387,287,2026-07-29 17:15:36,BV1nZ3J6sE4d
“两仪生四象，四象生八卦”。,持泰泰泰,健身,1051867,72152,2447,623,5893,1133,664,28,2026-07-27 01:24:45,BV1zigd6HE9X
争夺蜜瓜的修行【绝区零生日会】,Subutai制,MMD·3D,1604035,179108,2350,1910,58987,36791,10392,275,2026-07-30 12:30:00,BV1GS3z6aE1X
13 年老玩家带女儿玩 MC？！,大橙橙橙子,单机游戏,1464935,106207,4648,1661,22042,15090,9014,347,2026-07-30 09:37:40,BV1PW3t6DE9b
见到朋友爸妈我就这样,粤知一二,搞笑,484455,39589,216,359,1853,974,260,442,2026-08-01 04:00:00,BV1t4GP6sEVn
【雾岛学院1x1】自相残杀游戏再度重启，十六位up主如何逃离宿命的循环？「周年纪念篇·上」,安布罗CriStian,单机游戏,200875,22845,4849,34622,15080,13044,1500,4979,2026-08-01 10:00:00,BV1FKGM6sE31
淘汰盒皮肤外观？幸运鸟窝规则回忆！三角洲第一代数值怪到底什么水平？黑海北极星测评！,Key725,网络游戏,419274,21947,3169,905,4162,4604,755,296,2026-08-01 12:00:00,BV1tnGV6JEX3
就算只有一个人喜欢 我们也会继续坚持的！,枫清云武侠梦,运动综合,1191526,151936,3252,554,22605,20030,1612,31,2026-07-30 07:14:58,BV1Me3s6jEN6
从刺杀权贵的革命者到大汉奸，汪精卫为什么转变？【历史调研室103】,历史调研室,人文历史,986750,55265,3926,11323,20178,18195,4645,2310,2026-07-31 10:52:06,BV1W4Gw62ErS
夺舍成功！今天是囚师傅和小文文的日记——《勇闯柬埔寨》第十一集,王师傅の日记,日常,340682,25347,2486,11033,4815,30584,686,3812,2026-08-01 07:50:09,BV1BdGg6ZEsV
我装老外给国人唱《中国人能飞》！！,你哇哥233,翻唱,758528,72135,1167,890,6709,2013,2293,287,2026-07-31 10:23:00,BV1mpGw6EEMc
你们起过最爆笑的外号是什么,脱缰凯Kk,小剧场,1654757,154431,2717,6772,21747,5700,2045,201,2026-07-31 10:00:20,BV1TpGw6JEKH
180卢比成吉思鸡套餐，依旧撑爆鳞片,印度老吃家,美食侦探,3254523,209001,3154,965,18636,4254,5461,151,2026-07-29 15:01:41,BV15g3n6jEk1
以身入局，澳门赌场究竟有多可怕？,叶小十同学,社科·法律·心理,320687,15562,3231,1802,5804,3723,2040,866,2026-08-01 02:00:00,BV1dyGF6xEgF
热钱，军队与麦子：香港凭什么躲过97风暴？,空山猎人,财经商业,697501,51889,1377,3467,25851,22260,1779,3601,2026-07-31 03:00:00,BV18c3h6AEdF
刚认识就给我花钱，你是不是喜欢我？,桃鱼七夕大脸萌,喵星人,864486,85494,336,401,20741,24034,279,304,2026-07-31 03:22:00,BV1LPGw6aEPC
空爆手雷开创者，打出0比400惊人战损比，他就是二级战斗英雄蔡兴海,传奇档案1,影视剪辑,516513,68376,1371,931,10687,580,1264,96,2026-07-30 08:46:39,BV1Kn3t6XEz9
王者荣耀这自动寻路太好用了，以后跑图方便了,磊哥游戏,单机游戏,2203596,94607,3542,897,2926,3218,1164,144,2026-07-31 01:00:00,BV1bC3h6eE1u
这大狗叫魔了！,七成熟的橘子,单机游戏,2133590,135436,2243,1824,37349,8154,10500,310,2026-07-29 10:10:38,BV16U3164EYy
《釜山行》导演新作！全新丧尸会集体进化，是丧尸爽片还是降智烂作？万字拆解《群体》,迷影至下Filmlast,影视杂谈,230250,8428,680,3313,4426,1184,507,4383,2026-08-01 10:00:00,BV1TZGu6BEpJ
【明日方舟】直到大地变成一颗酸橙 全剧情流程实况 杨颜同学,杨颜同学,手机游戏,275398,12755,2097,4064,3990,1863,263,26948,2026-08-01 11:57:14,BV1eNGV68Efv
【整活】石头剪刀布，但是你先出,植物大战僵尸2,单机游戏,522931,26342,1203,141,1226,588,118,42,2026-08-01 11:00:00,BV1ekGu6UEQf
又要上缴利润？韩国会被美国吸干吗？,世界见闻录,人文历史,444274,27391,1794,984,4421,1659,291,639,2026-08-01 10:05:00,BV1D7GP68ECD
我的朋友患上了朊病毒病，我们眼睁睁地看着她忘记了眼前人,Chubbyemu,科学科普,1385196,74917,5678,6429,23981,25914,6471,1734,2026-07-31 04:02:39,BV1MzGc6UEtT
【特摄吐槽】谁家反派当了几十年火柴人？,不语の说笑人,特摄,290958,22329,742,1223,6002,2773,346,1100,2026-08-01 04:00:00,BV1pHGT6sEPn
美军传来噩耗，国防部长成了健身卖药黑私教,克里斯丧钟,健身,1347309,80914,2558,774,7594,3531,4668,285,2026-07-31 07:41:51,BV1g6GA6dEPj
在课堂上搞笑被抓了,良心发作的chunchun,搞笑,2275781,124799,2892,2734,35840,55335,5193,707,2026-07-30 09:00:00,BV1aj3n6GEyE
当北京人说想要奢侈一把,抵抗Resistance,搞笑,2068938,71062,4587,1981,4912,1278,3965,91,2026-07-30 14:32:39,BV1xP3b6pEsd
予愿安洁莉娜的入职测试！【明日方舟】,-碱式碳酸咸鱼-,手机游戏,966321,49057,5217,812,3004,1804,5171,98,2026-08-01 05:05:15,BV1vFGu67Ens
【花小烙】游隼：地球上俯冲速度最快的“鸟中战斗机”是如何炼成的？,画渣花小烙,科学科普,2836289,240264,3084,4259,36279,16080,1866,454,2026-07-30 10:00:00,BV1UFge6qEty
【第二集】🐧赛伊德：“我变成女孩了？！”🐧,徐Toso,影视剪辑,1886040,148361,2369,4207,51916,10123,5752,273,2026-07-30 11:59:56,BV1zL346TEuB
丧 尸 下 乡,次级英雄娄不凡,鬼畜剧场,6146061,227033,5801,6806,55218,31174,41461,443,2026-07-26 11:35:03,BV1yD376HEKM
花重金凑齐全球17款可乐，喝起来差距到底有多离谱？,记录生活的蛋黄派,美食测评,489711,23099,842,721,3112,2989,610,417,2026-08-01 09:30:00,BV1743y6XERB
“当全世界都知道你10天后成为超人（9）”,小火猫meme日记,人文历史,393017,26887,1104,451,6942,1356,162,135,2026-08-01 05:44:36,BV1LkG364EGt
假装摘葡萄，测试家人反应,拉木小伙,日常,593493,65565,1334,1221,11103,1184,1967,185,2026-07-29 09:30:33,BV1M3326rE9S
威龙“凌霄戍卫”COS！纪念退伍第十二年！战友们八一节快乐！,战辉,日常,1008445,134311,1116,360,6963,3741,610,33,2026-08-01 03:34:00,BV1zaGu6xEjy
始于一位机械少女，终于一位机械少女,醉酒的丘丘人,GMV,108090,14008,367,138,4251,2053,542,189,2026-08-01 11:56:57,BV19uGV6oEpx
“欢迎玩家进入副本，好戏开场…”,社恐内向昭爷爷,亲子,1192917,160300,4472,2004,14087,2093,9679,392,2026-07-28 12:46:34,BV1hM3q6QEmu
太上忘情!凡人文戏藏了多少伏笔?《凡人修仙传》185逐帧解析,利维坦mY,动漫杂谈,430852,29833,3025,2226,2452,9226,578,726,2026-08-01 10:32:01,BV1JiGV6uE1L
【歌手2026】尤长靖《如果你也这样过》 一场盛大的孤独,尤长靖,明星综合,411207,8993,2656,3510,3858,8087,1947,314,2026-08-01 04:11:22,BV1B9GM6HE35
300抽0安洁莉娜,百亿亿亿亿,手机游戏,334480,20137,6746,1240,1500,5898,4834,530,2026-08-01 03:57:28,BV1ksGu6cEwt
尼古喵喵这烟抽的有问题啊，我好心帮她改了一下,最上川下山,动漫杂谈,2091394,73471,1418,617,4349,506,1038,173,2026-07-30 06:56:52,BV1dL3s6bEUW
【怒九】进来被我表白！！,怒九笑,单机游戏,488850,43386,1023,2614,13161,11031,939,1159,2026-08-01 04:00:00,BV1cPGM6dEA7
理发师差点被“打到”主动办卡……,山城小栗旬的理发日记,美妆护肤,1633268,89492,848,652,5759,1030,647,129,2026-07-30 08:16:50,BV1N43t6UEFD
什么叫冰神真是女娲？,李JOJOJOJO,搞笑,485737,65712,3034,2748,3459,1517,1958,133,2026-08-01 05:55:35,BV1swGG6CEXf
寒冰射手娘化？外冷内热！,庄特纯,单机游戏,290387,21560,1937,655,4505,3191,601,492,2026-08-01 13:03:13,BV1kQGG6uEfw
这就是为什么我愿意相信鼠鼠的原因,阿战-三角洲行动,网络游戏,531913,20124,320,341,3235,716,76,322,2026-08-01 01:05:00,BV1F1GM6ZEop
凌晨你被困在车祸公路，没有活人！但总感觉有人盯着你！,与山0v0,单机游戏,341410,32615,836,1422,7921,7055,219,1013,2026-08-01 07:00:53,BV1JvG36wE4X
塑料神剧，雷霆台词，土出天际。《这一秒过火》爆笑解说,一只吐槽圆,娱乐杂谈,1338749,49635,2646,7933,6531,2422,8771,481,2026-07-31 02:42:21,BV1DVGw6sE5X
我是诺基亚,海臣W,单机游戏,1020710,70206,1091,1546,9637,3834,401,2558,2026-07-30 12:00:00,BV1VA3x64Eup
“全网第一个三昔三狼黑塔纪元翻车的主播！”,念熙阿,手机游戏,87864,10729,443,363,1074,3367,315,688,2026-08-02 03:48:16,BV1BF3D6vEyy
王主任：我在无限感受中,应激兄弟1,日常,917997,56467,307,401,5672,619,241,55,2026-08-01 05:00:00,BV154GA6vE1w
跟资本对赌！全场都说走 她非要赌上身家再贪一手！《一掷千金》,沫子瞪片,影视杂谈,1271219,47454,2118,7625,6323,4575,1476,1032,2026-07-31 03:43:25,BV1VbGc6xEsJ
恶人自有恶人磨,脱缰凯Kk,小剧场,443164,35603,1715,1394,3687,1254,255,201,2026-08-01 09:43:58,BV1ykGg6qEFF
⚡黑 虎 阿 福 摇 一 摇⚡,爱狂三的星总,鬼畜剧场,140171,18554,451,85,4673,2143,1112,100,2026-08-01 08:39:40,BV1uYGg6yEeE
零基础学物理（36）：电场线、等势线,简单物理一不能学不会,校园学习,1091435,142147,2659,3076,29688,2521,13679,206,2026-07-27 06:34:27,BV124gZ6KEhc
媳妇跑了、被孤立7年后，这只企鹅爱上了二次元少女,辟谣的大舌头LOOONG,人文历史,3033618,204093,10190,4079,60004,15062,22880,448,2026-07-29 10:00:00,BV1Z43y6QE2b
无奖竞赛：如何从F35坠毁总结出美国又赢了？,波士顿圆脸,社科·法律·心理,488262,34081,2432,4160,3383,1620,535,457,2026-08-01 11:48:54,BV1eKGV6fEzx
不是我喜欢的屠夫，直接肘开！,绿豆煮不透,手机游戏,191116,31979,736,213,9785,1315,3350,83,2026-08-01 01:42:09,BV1o7Gg69E6p
“也许你不该去找他的，托尼。”,乐马不要加班_Edit,影视剪辑,1668212,87499,3935,223,20956,11588,3054,98,2026-07-29 10:00:00,BV1fb3y6nEcM
这扳机纪律你就学吧,杨齐家_,单机游戏,4508985,177940,3882,21918,36234,14295,2067,881,2026-07-30 09:38:31,BV1RK3t6wEH1
路边一块，用心雕琢，也可以变成大家喜欢的样子。,小梨家的和田玉,手工,3438822,214831,8883,2254,17424,5124,2815,195,2026-07-27 11:47:30,BV12v3w6jEBc
和解剖了4000具尸体的法医，一起看了影片中的尸体...,影视飓风,影视杂谈,8878285,504390,9241,23137,140472,112799,27095,969,2026-07-27 09:00:00,BV1QEgZ6rEGj
予愿安洁莉娜 VS 方舟精英BOSS，泰拉人能飞！【明日方舟】,-碱式碳酸咸鱼-,手机游戏,585705,32540,3834,1157,2858,2414,2792,479,2026-08-01 08:51:04,BV1UvGg6GEB1
为什么说中华娘小曲的爆火本质是一场恶性盗版事件？,天黑千夜,单机游戏,257022,16531,1071,634,3422,3938,440,466,2026-08-01 03:30:00,BV1SbGM6BEJb
免试演员，毕业季,俊俊大俊俊,搞笑,1014094,72239,744,484,5549,1816,2454,132,2026-07-28 05:03:02,BV1ib3Y6QEDj
珊比的入职测试！【明日方舟】,-碱式碳酸咸鱼-,手机游戏,1022046,46473,2736,570,2358,1397,5305,68,2026-08-01 06:16:19,BV1udG36mEHj
【荣耀梯度排行69】没有手法，全是强度！,月爱,电子竞技,350049,42499,4613,1735,3245,12550,2629,491,2026-08-01 09:19:20,BV1CyGg6KEG4
「小白」超前实测REDMI K100 Pro Max：性能到底如何？,小白测评,数码,491642,20295,4110,2404,3849,2329,3481,279,2026-08-01 08:00:00,BV1oyGw6PEJJ
【我的幽灵女友官方】#122 得到苍蝇帮助的苏茜,dsand00,同人·手书,565142,51645,270,172,4584,1083,311,50,2026-08-01 13:57:10,BV1R4GG6xEnC
女童基因治疗后死亡，带节奏的报道全都搞错了重点,蓝大侠-遗传学家蓝田,日常,133485,15836,1765,803,4709,13713,1897,1102,2026-08-01 12:12:44,BV1tzGG6EEjU
《冠军结算画面》,柯洁,影视剪辑,3031117,281802,14748,6141,9103,25513,18004,11,2026-07-30 13:43:28,BV1jp3b6gEsL
【同人动画】耗时1.5年手搓还原无限城 猗窝座•登场【B萌应援】,Fusilade_炮弹雨,同人·手书,153176,20690,1023,464,7492,14143,1431,248,2026-07-31 07:59:34,BV1xNGA6SE2y
《3个狗男人跨越2000里的相会》,哈仔十一,汪星人,62261,7093,412,854,738,4174,92,688,2026-08-02 04:49:10,BV1Uc396hE6X
？！泉奈！？,晓贪猫,日常,639727,62699,1302,1026,29875,3683,3654,91,2026-07-31 13:22:59,BV1bWGP64Ehj
买奕派M8黄金大六座送130亿公里的老司机？,所长Wy,汽车生活,1571812,44318,1148,1429,4615,2642,1238,609,2026-07-26 10:11:15,BV1h5gY6MEUv
猪八戒嫦娥《都是月亮惹的祸》完整版,左左柚柚yoyo,影视剪辑,234063,8646,653,303,3562,2978,1350,253,2026-07-31 14:05:35,BV1nzGP6jEhM
21岁小伙60万彩礼娶00后女生，2个月后就被女生杀害，死因竟是小伙太过讨好！,挖沟连彭沟长,社科·法律·心理,2270374,97023,7736,8285,16264,3382,16428,542,2026-07-30 02:57:24,BV1fS3p64EhA
有什么在阻止我顺利完成这期伟大的杂谈,果蝇轰,手机游戏,229059,29087,1426,946,4154,7437,430,396,2026-08-01 10:58:49,BV1ZcGV6AEEG
【星穹杯】星启模式选手岂不是疯狂坐牢？BP疯狂反转绝对无法预料的比赛走向！AG大战狼队，知更鸟能否打破不胜传说？第十七届星穹杯姬子·启行篇正赛！,谁叫我洋葱,手机游戏,220862,22597,1322,2883,3840,10250,2007,2375,2026-08-01 10:38:43,BV16zGV6TEuM
地狱猫复刻中途加油，全速怕什么怕拉爆直升机！,争取最后的自由,汽车生活,4505914,162320,4958,8023,22355,13659,7726,958,2026-07-28 01:06:42,BV1d73P6iEko
盛宇yamy打加木翁杰这场是真正的巅峰对决!!!!本场发挥都很不错 这期大家耳朵有福了!!我还是觉得AThree那奇沃夫该赢【艾德宝陪您巅峰第六期上】,ADBABY打你屁屁,乐评盘点,257237,6071,1309,4496,1574,2249,287,2321,2026-08-01 13:52:08,BV1PTGG6gERD
2026年8月1日，分享一首歌！,央视军事,科工机械,293049,61662,890,1527,6706,14053,2111,146,2026-08-01 04:30:00,BV13UGu6yEj6
全网价格最低的成吉思鸡！吃一顿仅需0.7元，比印度还疯狂！,NBzhuoc大,搞笑,286287,15094,455,796,2651,1522,426,542,2026-08-01 10:37:35,BV1HiGV6uEHi
绷住闯关,Gua1叔,日常,1548310,46361,2027,1420,14904,2396,5295,122,2026-07-29 02:59:27,BV1Zp3k62EaZ
宫斗时代！圣枪哥半路被踢，KT爆发内讧，Jiejie三入涅槃，WBG巨大投入恐成今年最大怨种【赛事周刊】,LOL丶诺诺,电子竞技,305116,7551,1672,1930,1586,1057,194,899,2026-08-01 10:38:18,BV1EzGV6TE3u
全新5060TI重大车祸！,修电脑的张哥,数码,313322,9975,1981,3802,1226,1184,1616,1057,2026-08-01 04:00:00,BV1ff3b6yE5d
这才是铜应该有的更新,Hasoook,单机游戏,236655,11115,1193,1660,3287,636,327,352,2026-08-01 03:45:00,BV1gkGN6AEY7
拆解2纳米芯片：先进封装与背部供电深度解读,谈三圈,科工机械,109946,7347,537,713,2550,3584,358,913,2026-08-01 11:25:38,BV1ndGG6qEj8
剥蒜的情谊164.0,NinthA-,网络游戏,1305492,89887,519,748,7298,764,1140,146,2026-07-31 03:00:00,BV1WT3b6nEjL
王老菊教你卖血大王,怕上火暴王老菊,单机游戏,327847,16587,1528,2712,4878,13219,554,4819,2026-08-01 09:24:41,BV1mY316qE8j
【鬼谷闲谈】茶叶驯化史（其二）：红,芳斯塔芙,科学科普,879972,64018,3224,5416,15944,13654,1560,1847,2026-07-31 10:36:24,BV1kYGw6rEB5
更到第四期了，咋朋友还没掰呢,周周啊,搞笑,3992898,98091,598,881,43691,1554,771,100,2026-07-31 05:03:53,BV1nLGc6NEEM
我还能找到更神秘的我的世界小知识吗？！答对这些题你也可以做科普了！,这里是莱里,单机游戏,1634335,83230,1394,2431,17102,2238,1681,485,2026-07-31 09:00:00,BV1VYGA6hEHL
底盘好不好，飞个坡就知道？主动悬架值得加钱上吗？,三驱兄弟,新能源车,497820,14209,164,202,2177,1337,58,738,2026-08-01 04:00:00,BV1ALGN6QEUq
动画《记忆管理局》主题曲《忘记了也没关系》MV,DOUDOU_春夏秋冬,音乐现场,39473,6755,474,161,3828,4537,1519,265,2026-08-02 02:00:00,BV1xz3m63Ek3
"【本家投稿】HWAAStyle x Fregibot - SAY IT (feat. Kasane Teto, Kagamine Rin & Len)",Fregibot,VOCALOID·UTAU,247004,66555,1891,1835,40517,15123,3287,295,2026-07-30 13:21:17,BV1fc386VE6n
【泰拉瑞亚】全图瞬移！失谐矢量传送器电路,混乱沉睡,单机游戏,120859,17477,530,173,4556,3763,3031,339,2026-08-01 01:00:00,BV1xUGA6nEq6
广西霸总们爱上我/.,氧化菊,时尚潮流,242379,23407,796,297,1400,1670,1498,62,2026-08-01 09:04:20,BV1YxGg6JEXt
这歌声，有力气！《强军战歌》网友合唱版,央视新闻,日常,168713,37772,497,157,4261,6148,628,109,2026-08-01 04:33:25,BV1fQGM6XEwe
“你可能不知道忧郁是什么感觉，但你一定听过这些歌”,是青橘啦,音乐综合,217955,27942,418,593,32035,1718,451,1959,2026-08-01 06:55:17,BV127G36CE1g
大 周 礼 时 代(16),诸葛皮皮9527,小剧场,290575,49126,838,1322,2994,2117,406,136,2026-08-01 09:00:00,BV1bNGN6tEYJ
史诗级造假！意大利一男子手搓 “古罗马遗址” ，一张门票40欧元卖了10年,大象新闻,社会,3205797,96763,930,196,2586,718,1020,24,2026-07-30 14:54:33,BV18d3t6ZE2Q
⚡梦到三角洲高空跳伞入场动画⚡致敬汶川地震伞降勇士！【八一特辑】,星野童,网络游戏,141408,28280,336,1671,8223,1664,419,102,2026-08-01 10:00:00,BV1hjgv6yEup
【TF家族】《2026TF家族运动会》Day1（上）,TF家族,明星综合,3500912,122386,24168,2649130,69051,17279,7225,8549,2026-07-29 09:58:45,BV1F4326hE1p
兄弟，我帅的要命！,是橘长呀,网络游戏,402493,16866,371,528,1298,1342,169,492,2026-08-01 02:00:00,BV18dGw6dErj
青梅被毒杀，他娶仇人之女隐忍多年灭敌满门,孙熙然,同人·手书,436216,29737,509,641,10006,1628,498,635,2026-07-31 11:05:21,BV1p5GN6HEmM
【数据删除】可以回答一切的，不存在客服电话——《寰宇信息科技》,科幻视界,影视杂谈,435215,51910,914,678,18026,6907,1028,700,2026-07-31 11:00:00,BV1cX3b6SEmM
花四个月时间做了个猫咪演唱会场馆,爱鼓捣的邢志磊,音乐现场,1232153,40756,533,430,10531,5855,821,178,2026-07-30 10:40:34,BV1oc3t6vEoD
【自制oc动画生贺】Episode 1,美少年問屋,同人·手书,691174,127544,1667,1240,56652,28230,3514,1290,2026-07-29 16:00:00,BV1b4316rEpC
暮色森林黑暗高塔的背后究竟隐藏了一个什么样的故事,小N正在加载中,单机游戏,693171,46880,565,277,13506,1500,637,311,2026-07-29 01:00:00,BV1Kw366WESi
丧尸筑成血肉高墙，大厦变人间炼狱！上万丧尸街头暴走，集体转圈形成死亡漩涡！2026最新韩国最新丧尸电影《群体》,电影迷小雅,影视杂谈,706828,23297,965,3361,9153,2579,739,3053,2026-07-31 09:14:52,BV1oyGw6PEs6
从雪山到热带雨林! 中国最后一个通公路的县城--墨脱｜Links A7R6,Linksphotograph,出行,1292472,54219,1795,6697,19308,33048,7819,2864,2026-07-30 04:05:27,BV1t93W6CEh2
我把B站改造成了解谜游戏【雀室逃脱2】,在下乌鸦有何贵干,单机游戏,283673,17073,451,941,3702,3277,199,650,2026-08-01 03:02:27,BV1xJGu6eEEY
疑似四羊方尊流入民间,智勇双全富贵君,小剧场,6514423,129951,2416,6099,51816,7644,5866,219,2026-07-28 10:10:14,BV1WJ3v6iEFE
一场跨越三年高中的反应,白杉林,搞笑,870387,96413,3998,3290,8590,8918,1531,361,2026-07-28 17:15:32,BV16R3B6uE9y
外国鼓手第一次听“山海”,即兴鼓研社,演奏,106550,7571,397,932,2627,4552,1089,2782,2026-08-01 12:30:00,BV1HaG36PEju
为什么玩开团秒跟？ 枪打出头鸟怎么打的？,子阳老学长,日常,406035,62933,2039,377,6022,1939,524,179,2026-07-31 11:01:12,BV1p5GN6HESY
一句话让60万人下地狱，当代教皇还能惩治异端？【深度解读教廷与FSSPX的纷争】,卢格杜努姆的奥古斯丁,人文历史,954453,36030,4483,7646,13785,4836,1805,1486,2026-07-31 09:00:00,BV13YGA6hEdu
当crush无视了你的魅力 却肯定了你的吃商,一坨小草莓不霉,美食记录,241280,24002,283,153,12374,621,1745,206,2026-07-31 14:49:47,BV1pXGA6mEvi
八一建军节 手绘3D军帽,何咏墨,绘画,168544,38237,233,225,2084,1252,214,77,2026-08-01 05:15:39,BV1aAGu6LEbA
【乾乾特工·剧场版】大制作来啦！！！,大乾乾是顾乾宇,小剧场,3531673,428808,7614,10968,74753,70538,19576,390,2026-07-28 12:23:25,BV1VC3q6ZEtP
完了，四姐小羊我爱上蝴蝶忍了 茵蒂克丝,4姐小羊,仿妆cos,578350,30882,5997,544,3110,512,10117,43,2026-08-01 10:42:07,BV1C8GV6VEYC
土豆丝炒肉,混的厨-,美食记录,681155,70079,502,168,3921,852,414,42,2026-08-01 03:40:12,BV1E8Gu6oESC
｜妖怪澡堂｜第三回：开澡堂竟有被非礼的风险？！,叫兽易小星,影视剪辑,1033976,53610,538,694,10381,6120,1388,358,2026-07-30 09:50:39,BV1fR346zEft
你会为谁爆灯！绝区零真功夫大赛！【绝区零生日会】,猹泡饭233,MMD·3D,199430,12546,143,282,2424,1985,170,209,2026-07-30 12:30:00,BV1PV3k69EpX
玩这个阵容 真的想要多少分自己填吧！,禹汁波の纱世里,日常,672892,40498,1341,770,3560,730,926,285,2026-07-31 07:15:00,BV11Y3a6FEaP
《四驱兄弟》骗了我20年，直到我把真车改成了四驱车,所长Wy,汽车生活,606925,18523,518,798,2767,2296,150,473,2026-08-01 10:25:39,BV1xtGV61Et4
我打cs的状态be like,凌墨OM,电子竞技,702282,64885,1155,74,17182,1098,9706,18,2026-07-31 16:00:08,BV1iSGK6jEfL
来场虚狩盛宴吧~【绝区零生日会】,疯兔AD,同人·手书,227321,21546,222,347,10341,7243,662,127,2026-07-30 12:30:00,BV14d3q6SEXD
喜欢和客人打成一片的便利店员工,拧不动啊真拧不动,单机游戏,174725,14657,501,2193,4961,1755,236,2989,2026-08-01 13:35:45,BV1KPGG6GEGB
打开心脏：突破生命的终极雷池,大圆镜科普,科学科普,505889,51607,620,1230,5085,1504,469,467,2026-08-01 00:03:30,BV11GGT6hEZi
MC装备竟然变成了抽卡！传说万倍伤害！？ #我的世界 #游戏 #MC,一个小立丶,单机游戏,840527,12622,85,352,8092,541,41,407,2026-08-01 00:30:00,BV15eGN6BEHZ
【TF家族】《2026TF家族运动会》Day2（上）,TF家族,明星综合,2035208,54502,5666,1065241,32252,6239,1349,8368,2026-07-30 10:00:00,BV1VJ3s6dEWs
资产上亿企业家夫妇，被羁押712天后无罪释放，获国赔41万，当事人称企业倒闭负债3000多万：如今和妻子打零工为生,红星视频,热点,1158157,93067,1372,236,5682,3299,3343,51,2026-07-31 10:03:03,BV1PxGw67E9d
五万润人从海里冲进国门是什么体验？,波士顿圆脸,社科·法律·心理,1218563,57885,3439,5525,5954,3259,1237,800,2026-07-31 12:11:43,BV1BWGN6LEkZ
谁能抵挡住迪迦的魅力~~~~【奥特曼光之创想季】,Milk缪客,特摄,590859,71879,1302,909,13233,8198,1583,124,2026-07-31 15:55:52,BV1fyGK6SEiv
1分钟！教你还原三角洲阿萨拉扑克牌的花式动作！！！,乔治乔治君,野生技能协会,138836,18015,182,831,4757,1153,134,216,2026-08-01 10:00:00,BV1Ei3t6kEhR
各自经历成长后的不同类型的朋友…,JohnsonBrothers,日常,1608528,127901,472,284,20426,1201,1703,60,2026-07-28 01:00:00,BV1df3P6BEZY
挑战从东北徒步到西藏( 十倍速1小时5分版）,阿丑徒步,出行,6660795,461983,8997,18332,190154,47812,13403,3929,2026-07-29 09:35:20,BV1c4326hEkj
我很少用炸裂来形容一副牌的,马格南DD,野生技能协会,5303401,83221,481,296,50392,4378,1219,130,2026-07-29 10:26:37,BV17Q316sEjP
《原神》动画短片：钟摆与蒲公英,好奇-HQ,手机游戏,255668,42982,1030,751,14864,15507,2276,523,2026-07-31 01:00:00,BV17W3b6zEFg
挑战！徒手一笔破解人民币防伪花纹？,设计人阿蒙,绘画,2350927,148316,5277,2296,8243,1998,1721,61,2026-07-29 11:23:09,BV1Mb3163EqT
《原神》7.0版本「无神怜爱的雪国」前瞻特别节目,原神,手机游戏,1391376,104497,11361,44846,21887,41250,5378,4023,2026-07-31 13:20:00,BV1k5GA6CE3r
哈弗克小兵最爽的一次,三角洲行动零一,网络游戏,1398754,163883,5618,471,54768,3539,46456,14,2026-07-31 09:22:45,BV1bZGw6sEbZ
现在有前排了,老子名字深蓝,手机游戏,994514,32098,668,179,1726,725,194,131,2026-07-31 07:45:19,BV1c5GA6yEmT
【耳夹式耳机推荐】2026年8月大合集！全自费实测！蓝牙耳机推荐/耳夹式耳机测评/开放式耳机/运动耳机，小白必看！建议收藏！,知音剑客,数码,575350,36113,406,534,7671,2524,481,688,2026-07-30 10:53:30,BV1Kz346DEEY
我修改了Minecraft的村民：,晓晨Momore,单机游戏,460452,23787,489,288,5876,1540,1675,258,2026-07-31 09:53:54,BV1TpGw6JExW
我能像梵高一样通关杀戮尖塔2吗,马萨卡卡卡卡,单机游戏,176207,12097,452,425,1974,2297,713,724,2026-08-01 03:00:00,BV1uUGu6yEdL
隔壁千万播放后被下架的视频！,销冠李老板,日常,3561363,427680,10973,1173,14046,59651,2196,72,2026-07-30 04:28:28,BV1Dg3x6DEaj
欢迎来到丽都德比！【绝区零生日会】,小强凌凌柒,手机游戏,392198,35158,578,1637,13966,7832,1244,426,2026-07-30 12:30:00,BV1mj3q6jEFG
阳台种植新挑战？！湖北小哥历时三年盆栽种香蕉！【主播说三农】,央视农业,三农,1725819,95761,1453,1212,5102,2382,1229,294,2026-07-29 11:16:21,BV1hx316GEy3
在美国带柴西连吃了三顿炸鸡…可能不会再来美国了,KerryDowdle,美食侦探,2126017,45925,1811,3671,13364,12713,827,801,2026-07-31 10:07:08,BV14WGw6UEYb
腰斩是治愈疯狂的解药吗？（阿晴教学篇op/ed）【25】,九晴九晴九,同人·手书,604339,65489,2371,960,17034,8561,1428,380,2026-07-31 11:00:00,BV1Pr3s6rEbk
（知识科普）三角洲新手必须掌握的最基础20个小知识，你不会还不知道吧？,颜心做的cat,网络游戏,111890,10328,404,2182,4186,1897,157,654,2026-08-01 12:30:00,BV1bzGG6EEC3
人民好律师后续,陈凡尘,搞笑,859474,84445,1555,406,15873,2943,1038,151,2026-07-30 13:21:25,BV1fc386VEn5
同时让2000条埃及塘鲺，互相合体，最终能否诞生白骨之王？！,蔡武年,小宠异宠,423800,20489,588,1379,6790,4404,271,494,2026-08-01 08:00:00,BV1fD3w6KEEm
隔我这里赚钱来了？,一颗小兔娘,仿妆cos,1885091,160580,1895,481,14561,1632,2320,49,2026-07-31 09:11:09,BV16zGw6BEGW
这个乐于助人的AI助手逐渐拥有了自我意识【恐怖杂烩汤[6]】,匿名Tian,单机游戏,212570,23617,802,4144,6670,4743,392,845,2026-08-01 08:30:00,BV1buGT6YEKz
第三集 莱德 | GTA SA 真人版连续剧,薯条超人CCStray,单机游戏,194256,17909,642,931,4053,10027,956,552,2026-08-01 04:30:00,BV1HqGP6mEXR
我们姐妹情深，你得一起娶~,NZ75鸽,同人·手书,201259,16059,431,563,7650,2855,1433,167,2026-08-01 04:00:00,BV1riGP67Emp
一个月工资仅有10美元！古巴人靠什么生存？这里的物价究竟如何？,小钟Johnny,出行,966851,29056,3483,4573,4701,5065,1029,837,2026-07-31 10:00:00,BV1m63b6ZEtW
送外卖克服社恐的一天,Skm破音小魔王,出行,1866882,67023,362,398,4336,866,341,295,2026-07-29 08:51:16,BV14t3C6AE79
沉浸式感受清朝御厨制作流汤的透明饺子【AI全民制作人】,史海听风,AI影像,1242422,37213,1245,1543,6657,836,378,153,2026-07-29 11:23:20,BV1Qx316GE5y
【火影精讲】动漫史上最经典的篇章之一！终结之谷篇之鸣人vs佐助,伊村べべろ,动漫杂谈,137127,7449,666,1339,1764,3761,211,2469,2026-08-01 11:35:18,BV1hGGV6REDF
两部门明确12到14周岁未成年人严重暴力犯罪核准追诉标准,央视新闻,日常,237280,20046,2526,701,2515,1682,1505,360,2026-08-01 11:55:57,BV1euGV6oEGo
【直到大地变成一颗酸橙】TO-1至TO-9一摆到底合集版 摆完挂机 简单好抄,萧然Q,手机游戏,279125,14054,601,198,2637,12140,310,1207,2026-08-01 06:31:18,BV12pG36gEFr
把兄弟的奶茶换成西梅汁！再把他家的马桶用保鲜膜封起来！没想到他直接当着我面绷不住了,骚拳超人,日常,253091,11705,518,722,1579,4877,1484,490,2026-08-01 09:00:00,BV1NZGu6BEZb
当战双玩家学会了剪辑,不吃鱼的祥,手机游戏,231579,35739,817,231,4841,3218,1784,48,2026-07-31 11:12:59,BV1r7GN6JEDY
《英雄联盟是个团队游戏》,三桥qzg,网络游戏,1131088,56606,2310,2079,4874,37540,1624,1036,2026-07-30 14:05:44,BV1Mz3b6bEu6
【TF家族练习生】《突围II破局》EP05：加更,TF家族,明星综合,2096659,70492,4252,964467,30647,7619,1545,2946,2026-07-29 11:00:00,BV1ts3C6NEke
当我在荷兰弟面前用唢呐吹蜘蛛侠主题曲【蛛联B合】,浑元Rysn,仿妆cos,1497664,82989,1898,1059,15106,4500,2648,238,2026-07-28 12:00:00,BV1hy3Y6rE44
"表面清纯女高,实则心机girl！",川烈,日常,2025801,60715,3533,3727,19248,5702,2627,734,2026-07-30 13:11:48,BV16f3b61Ew7
约会 MikuDays【B萌应援】,溪欧Siou,MMD·3D,121828,20973,477,179,11506,3584,695,126,2026-07-31 06:00:00,BV1jrGF6bE8J
哈基蜂与无名蛇,圆蛤菌,单机游戏,2413837,65158,914,679,35314,2221,918,168,2026-07-29 06:00:00,BV1rRge6fErv
别点进来！！！,大福咕咕,动漫杂谈,1441717,87572,5186,5276,17065,8005,3215,414,2026-07-30 04:00:00,BV1U4316rE21
《这一秒过火》：下一秒上火，狗血剧是什么门槛很低的东西吗？,话很多的小姐姐们,影视杂谈,293242,12788,1017,4143,1743,2863,1246,1054,2026-08-01 03:00:00,BV1WGGN6XELV
如何绷住（2）,警探小蓝丶,单机游戏,144156,15361,845,1492,4227,827,863,265,2026-08-01 09:45:59,BV1xsGV62E55
唱了《炉心融解》并用自己的头发cos了镜音铃！【bilibilionly】,鹿火CAVY,日常,33958,6941,125,35,1171,776,71,78,2026-08-02 04:00:00,BV1E6gY6nEhS
你小时候离家出走:      【B萌应援】,王月目儿草,单机游戏,311342,29672,399,105,3573,2565,598,31,2026-08-01 03:31:00,BV1tLGu6TEK9
罪途同行-Guilt Bound Allies【绝区零生日会】,哦呼w,鬼畜调教,560092,73038,545,172,16427,19436,1900,172,2026-07-30 12:30:00,BV12n3q6CEMc
MC的某些附魔属性究竟有多少冷知识？！！,-恒某人-,单机游戏,334776,23626,587,686,4740,619,304,338,2026-08-01 02:00:00,BV19oGK6rELx
为什么小鸡洗完澡都有股怪味…,26鲨鱼,绘画,164229,22088,512,46,4172,746,875,32,2026-08-01 04:45:56,BV1DKGu6VEz5
珊比 VS 方舟精英BOSS，勇敢的短耳朵！【明日方舟】,-碱式碳酸咸鱼-,手机游戏,260980,11183,1847,387,761,556,413,433,2026-08-01 12:53:09,BV1CSGG66ERc
柯洁回应再夺中国围棋王中王赛冠军,新华社,日常,1376933,125624,4313,1014,3021,997,3408,19,2026-07-31 08:31:48,BV1njGA6GEGY
侦探大人，不是说好正经查案吗.....【泛式】,泛式,手机游戏,3189409,180633,4011,2926,41008,6717,5761,702,2026-07-28 10:05:00,BV1JT3i6eE95
杂胡书记VS鲜卑兵王，五胡初期的北境天命之战,渤海小吏,人文历史,369223,18074,710,2187,5967,8436,331,3546,2026-08-01 03:00:00,BV1Ew386CE4w
收租后，发现租户是同班双胞胎【09】,圆桌动漫,同人·手书,63892,11044,649,2456,3765,5796,163,764,2026-08-02 02:00:00,BV1wgGG6MEoM
带台湾来的同学，体验上海物价的爆炸差距,闪光的康康,搞笑,325302,8698,764,1379,1822,2128,436,1129,2026-07-31 09:00:00,BV1y33h6xEi5
咱们三角洲自己的 成吉斯鸡小哥！想吃什么自己打！,地球军亡牌总帅镭,网络游戏,1461009,102292,1536,162,12901,1204,5978,53,2026-07-31 11:00:00,BV1e13t6vEka
一个人清理海浪冲上来的垃圾有人夸吗,哥们马喽,日常,1973285,635134,3888,7134,63668,299052,1544,125,2026-07-27 03:00:00,BV19m3j6vE1S
别死啊！归骰！！！😭,我没魔芋爽,日常,440109,48810,1601,883,9546,1341,7590,61,2026-08-01 10:00:00,BV1TBGg63ED8
感觉生活压力大时不妨想想这群穿刺手,JP是只熊,手机游戏,238284,18984,710,171,2498,672,6681,73,2026-08-01 10:01:13,BV1s4GV6LEMh
陈翔六点半：一段不算爱情的爱情,陈翔六点半,小剧场,757222,15150,1159,916,2890,1813,462,316,2026-08-01 10:37:59,BV1ChGV6kEaE
等了两年的房子终于盖完了，居然没延期，真令人惊讶,挪威老王,出行,607971,49072,713,242,1736,2994,160,140,2026-07-31 11:13:35,BV1WGGN6XEdy
《家长会危机》,芮予猪猪,日常,373859,51734,453,264,6789,1670,311,128,2026-07-31 09:00:00,BV1sG3y6AEf8
挑战从上海走回深圳，把手机弄丢了啊啊啊！,拉宏桑,日常,800157,53835,1267,3382,3568,8495,1281,712,2026-07-31 10:07:29,BV1TWGw6UE4Q
混乱假日【绝区零生日会】,WildKoko木可,手机游戏,189775,15101,86,103,2662,1978,154,168,2026-07-30 12:30:00,BV1pY3z6VEwi
『在水晶门口cos防御塔的二人』,太尉c-中韩第一阿克尚,网络游戏,461130,29211,673,270,2492,1290,4087,47,2026-08-01 04:00:00,BV1pT346kEyy
我做了一个AI小岛，让米哈游角色自己生活...【B站AI创造公开赛】,兔崽子你真的完蛋了,单机游戏,142030,13696,457,504,4279,4097,339,245,2026-08-01 10:30:00,BV1q4GN6VEBq
馬來西亞“最貴”肉骨茶，19馬幣vs 234馬幣，10多倍差價差在哪？,丹牛食走起,美食侦探,265870,7748,483,714,1886,1394,675,866,2026-08-01 03:00:00,BV1vg3n6jEAD
胳膊有点死了,甜叔环球吸猫记,喵星人,2470154,217169,3844,621,21522,1419,3527,29,2026-07-30 14:24:01,BV1GY3b6YEvp
叽里呱啦唱什么呢🤨🤨🤨,Go1denApple,单机游戏,2682510,164927,1545,292,20836,1322,4476,37,2026-07-28 15:18:58,BV1g93z6fEgj
脱 下 长 衫 的 孔 乙 刁 ！,导演小策,搞笑,358931,20956,971,870,4066,10182,1065,688,2026-07-31 12:35:59,BV1vSGP6BELZ
【本家投稿】ワンダー / r-906 feat. 初音ミク,r-906_arukuremu,VOCALOID·UTAU,445370,92726,3860,2781,51392,28818,9051,198,2026-07-30 11:12:41,BV1xF3467Etw
这可能是全网最酷的乐高蝙蝠车,Upspeed盛嘉成,赛车,988892,37512,647,2603,8145,8489,2776,865,2026-07-31 10:05:00,BV1bzGA64EhK
【苏新皓𝗣𝗼𝘄𝗲𝗿】𝗧𝘄𝗼 𝗱𝗮𝘆𝘀 𝟭𝟮机位𝗙𝗼𝗰𝘂𝘀 𝗺𝗶𝘅𝗲𝗱 𝗰𝘂𝘁,Sisu-Crown苏新皓,娱乐粉丝创作,72075,9256,155190,126678,7752,9036,9481,274,2026-08-01 10:51:31,BV1EzGV6TEdh
人生的容错率，比你想的高很多【人生70年】#1,看见Real,日常,137761,4747,988,833,6076,1674,707,1813,2026-07-31 11:57:31,BV1irGF6tEvz
“爆发红眼病毒后公司乱成一锅粥了，赶紧趁热把boss丢下楼！！！”,朕好饿啊,影视剪辑,2706754,82990,1572,1053,38052,13126,5049,898,2026-07-27 10:00:00,BV1sV3c6kESb
循环歌单|“【趣味英语の小曲】【AGUDO MAGKLCO】”,无忧_Carefree,音乐综合,2313798,80058,274,439,62399,2061,619,2460,2026-07-30 08:00:00,BV1ks3x63E5h
【本家投稿】QUIET / MIMI feat. 重音テトSV ＆ 可不 ＆ 雨衣,MIMI_music,VOCALOID·UTAU,46264,15783,640,420,9566,5020,1395,149,2026-08-01 11:57:39,BV1euGV6ZEmz
【尺八人夫】什么是路飞？致每一个爱着太阳的你【B萌应援】,尺八人夫,演奏,67616,4597,791,728,1416,3283,501,1115,2026-08-01 15:27:06,BV1Vw3U6xEXF
狗熊岭之王，今天cos一个优雅的吉吉国王！,牛战士历险记本人,手工,529047,54283,2356,347,6280,1415,7044,24,2026-07-31 10:37:36,BV1zBGw6MESo
【直到大地变成一颗酸橙】TO-1至TO-9 摆完挂机 简单好抄,萧然Q,手机游戏,774458,15316,1259,401,3454,11432,347,1396,2026-08-01 04:23:37,BV1qoGM6nEcq
什么东西在天上飞的？？？,大炒面制造者Cen,单机游戏,413324,39560,786,4282,8393,13589,200,1165,2026-08-01 00:00:00,BV1PZ3c6kEPB
鬼畜电影：郝哥的传奇人生,LuminaSymph,鬼畜剧场,56635,3164,208,253,1063,1644,204,927,2026-08-01 03:53:02,BV1wTGg6aEop
“爷爷的陪伴，是将我带出深渊的唯一方式，爷爷最无私的爱”,空山心雨a,乐评盘点,1180673,27139,334,349,24895,986,75,2231,2026-07-31 08:22:18,BV17xGA6KETs
孟婆也会退休？AI短片《小孟来了》丨一万个平行宇宙,艺类分子,影视剪辑,2648961,145055,2668,3298,37699,20209,7166,386,2026-07-27 04:00:00,BV1grgf61Ejx
《Shy 之 勇 者》,聒噪的山海君,电子竞技,612526,30168,1521,4168,2579,5444,3173,343,2026-07-31 15:10:35,BV13jGP6wEZA
【微电影】星河外卖员: 卡皮不在天津四,最后讲述者,鬼畜剧场,179536,18576,723,1173,2723,7819,867,484,2026-08-01 05:06:34,BV1aPGu6yEjD
伪人丁亮看完这集至少9178天没敢上夜班（第四集）,叫我呱唧君,特摄,3691505,89932,465,729,86074,6443,1603,266,2026-07-30 05:29:19,BV1KH3x65EAE
【完整版】人民军队大片《制胜》第三集《挺进深蓝》,央视新闻,日常,226537,19027,571,1235,3446,3330,956,1501,2026-08-01 12:00:00,BV1SvGg6GEuM
老板开车48个小时从四川请来的大厨月薪1万块，到店就把砸锅了,谭厨美食,美食制作,4184678,120324,9035,2093,8007,1403,1403,220,2026-07-26 13:48:19,BV1ozg96rEGx
【影Sir】伊藤润二改编！富江、双一、蛞蝓少女，齐聚恐怖复读班，悬疑惊悚台剧《聪明镇》,我是影Sir,影视杂谈,57135,3919,221,456,1093,951,129,1812,2026-08-02 02:00:00,BV1qfGG6eEDw
自制八月最强纯爱番,窗边の小羽子,日常,2839842,147723,3290,1684,26987,7426,6127,248,2026-07-28 10:58:37,BV1dJ3B6AEST
王者荣耀版谁是内鬼！,清酒好可怜,电子竞技,185372,12178,217,546,1496,1090,106,757,2026-08-01 09:30:00,BV1t5G361EyC
今天磨紫金色两根墨条写悬浮字《沁园春·雪》,王小白爱写字,手工,139568,15301,674,1271,1606,639,376,129,2026-07-31 06:34:07,BV13vGA6FE7v
家里又多了5只小狗，大黄一大早跑来报喜！,大黄是只狗,汪星人,391968,9157,209,179,4531,841,47,183,2026-08-01 10:19:05,BV1tnGV6JEcb
几十块就能买到的世界顶级产品,侃谱斯基,日常,1010013,35971,2890,1726,63343,4631,2449,185,2026-07-27 11:20:00,BV1M2gf6GELY
侦探：不收徒,呵纹Hevon,同人·手书,256307,24250,316,652,4180,2140,282,158,2026-08-01 11:03:59,BV1AhGV6CEbq
仲树对话诺兰《奥德赛》震撼发布！,仲树,预告·资讯,175070,5950,525,252,4459,2689,1666,1058,2026-07-31 15:43:58,BV1vdGK6GEQE
奶奶你关注的两个up主又合体了,还有地虎侠n,街舞,1695205,137332,1280,212,22032,12316,2628,69,2026-07-30 09:23:03,BV1P13462EG4
【一轮复习】绝对值的数形结合与零点综合！,一数,校园学习,125682,19765,745,468,3315,1099,320,2778,2026-08-01 13:38:44,BV1KPGG6GEEN
货车夫妻用餐时因突降大雨匆忙离去，没注意到饭钱未付成功。13天后赶回店里专程支付27元,人民日报,日常,1862876,81899,640,41,879,603,121,25,2026-07-31 04:40:44,BV1NPGc6CE5z
我的世界硬核生存！【缆车末日惊变100天】 p2 极寒末日来临我该怎样生存下去？！,Q弹的果冻c,单机游戏,1727175,49878,315,1740,45402,7803,469,1162,2026-07-30 04:37:28,BV1DK3x6WEXa
禁止宣扬邪教迷信，禁止宣扬拜金主义奢靡之风，微短剧新规9月1日施行！业内人士:动辄出手上亿的霸总或将消失,红星视频,热点,628915,49127,1750,1225,3416,712,3440,38,2026-07-31 13:55:10,BV1rqGP62ENy
大爷30支枪+1万发弹药对抗银行没收房产，警员开装甲车碾压3次为同事报仇！,爱看热闹的大鹏,日常,1068021,52587,2000,7270,9932,2364,1953,788,2026-07-30 09:30:00,BV1puge6hEDe
乌鲁鲁的巡飞弹旅游指南,原味鸡爱堵桥,网络游戏,3022408,101956,711,612,27505,7898,1261,128,2026-07-27 07:08:02,BV18K3c67ERt
凑 企 鹅 大 狗 叫,真栗,日常,519574,57683,961,354,4808,1872,1512,29,2026-08-01 10:50:05,BV1kYGV63Ezz
这么大的土地庙，看来这boss的建筑水平在我之下【更好的MC】,磊哥游戏,单机游戏,530503,52066,1104,1139,3093,4166,487,334,2026-08-01 01:00:00,BV19fGK6gEVv
死亡到来，我们相爱。【十级学者详解武林外传44】,一岸舟,影视剪辑,228759,9861,887,3019,1976,4227,158,2939,2026-08-01 03:30:00,BV1DjGw6pEG6
我说孩童啃棒骨，百日则肥白，肉蛋奶tv的家人们都支持吧？呦呦说再也不喝米油了（彩蛋）,一个被磨平的90后,亲子,125482,11134,595,191,564,1324,112,203,2026-08-01 09:30:00,BV1vmGw6AERJ
“生命并非如蝶翼般易折”,三户人插画,绘画,326431,80647,413,86,12233,2280,863,22,2026-07-31 10:00:32,BV1sxGw67Es2
哈佛教授大战中餐馆：因为4美元，丢了百万终身教职｜一场口水仗，美媒一边倒；先斗四川菜馆，再斗哈佛大学 ｜ Wayne调查,Wayne调查,人文历史,592659,10806,3038,5707,4845,757,587,1267,2026-07-31 03:00:00,BV1uT3265Ekb
抵抗者2026实机演示,浩汤科技,单机游戏,10025630,247324,17228,4818,84011,113671,37423,187,2026-07-30 03:00:00,BV1rW326hEKe
《外 卖 逆 天 评 价》4,铃乃Chan,配音,2051547,90877,495,151,6213,681,1077,49,2026-07-31 09:20:00,BV1xM3h6tENc
做出这个忍者的策划可以直接隐退了 火影正式进入4斤牛肉时代！,薛晓琦不姓薛,手机游戏,353693,14595,1590,244,1398,749,986,218,2026-07-31 13:23:46,BV1bWGP64EMq
《蜘蛛侠:崭新之日》解析！彼得为何需要她才能完成蜕变！,大聪看电影,影视杂谈,1287553,38935,3990,2159,5817,2986,1437,1045,2026-07-30 09:56:05,BV1BF3t6TEaG
新宿街头惊现Papi酱《生气了》日文版，火到日本了？,樱萍Apple,日常,1957815,42672,1193,1704,4215,6842,4017,99,2026-07-29 06:35:24,BV1a53r6PEGz
这些水果全都不能吃，告诉你家老人和孩子！,万物研究所-6,三农,2216044,44055,473,306,24724,1416,4171,70,2026-07-29 08:32:18,BV1rB3C6xEoc
怎么打半天破不了防啊！,全网最傻的咕嘎,日常,293764,19001,487,396,5033,4585,1180,353,2026-07-31 02:00:00,BV1hF3Y6rEqy
AI重现“救援航母”转运受困师生！,人民日报,日常,5843878,163415,881,421,88384,13825,414,181,2026-07-27 13:39:04,BV1ap3w6xEdE
【游戏耳机推荐2026】8月实测合集！头戴式耳机/入耳式游戏耳机/有线耳机/游戏耳机推荐！含游戏实战听音测试！小白选购避坑指南！建议收藏！,电光球球,日常,876881,26838,597,520,6967,5902,847,1121,2026-07-27 13:10:56,BV1dL3w6FEnw
酒精与饮品,TNT_indiedev,单机游戏,1496436,80879,1437,253,24200,4881,3761,107,2026-07-27 08:36:51,BV1qQ3F6oEYL
一直被挑衅，我真的忍不了了！！,小小小思源哎,美妆护肤,2169466,73590,3556,2678,7746,1209,2667,175,2026-07-27 07:04:22,BV1UT3c62ELm
全新开箱！我居然买到了德军的HK G28精确射手步枪？,JaegerZ999官方账号,科工机械,5149985,152339,3463,3059,70992,17729,9592,439,2026-07-27 11:53:18,BV1ry3w6gEns
当每层方块都是随机的，MC变成彩虹千层？！,小橙子姐姐解说,单机游戏,480254,22969,333,625,8396,1731,39,482,2026-08-01 06:07:16,BV1QXG36SEtm
喜欢爆客人头的便利店员工,拧不动啊真拧不动,单机游戏,49303,5824,288,928,1255,1111,61,2001,2026-08-02 04:00:00,BV1QS3U6pEz8
9800X3D卡顿、抽帧排查实录：帧数很高，游戏为什么还是卡？,51972,数码,342259,20239,5502,2878,7919,16365,3880,1463,2026-07-31 06:36:42,BV189GF6JE5e
【车的发布会】MG07 化身年轻人的第一台轿跑，牙膏挤爆卷到没朋友,车的发布会官方,新能源车,496741,3502,630,286,1289,1223,765,335,2026-08-01 03:00:00,BV1zfGA6CE6V
啥  博  弈  ？ ？ ？,蛋水饿,搞笑,214386,11820,341,449,1960,1120,288,262,2026-08-01 04:00:00,BV1yhGP6DEDJ
快来听听早上叫你起床的是哪位？请问噪鹃可曾给短视频录过bgm,快看,亲子,2044989,140351,179,0,44729,4107,6320,59,2026-07-30 03:19:47,BV1i63x6cE9b
Papi酱《生气了》日语版，70年代昭和演歌风格（重新填词）,梨茗子,MV,1912132,46131,1042,560,10312,4639,7344,215,2026-07-27 10:18:41,BV1KDgf6zEtP
【TF家族】《2026TF家族运动会》Day1（下）,TF家族,明星综合,2351795,62806,7137,651804,38521,6831,1538,7086,2026-07-29 10:02:32,BV1mt3C6AE3n
“我说寒山别哭，我带你出”|《游山恋Dj0.8X》,音乐收藏峰,音乐综合,678917,86669,2043,631,8386,4473,499,224,2026-07-30 14:09:00,BV1KC3b6dEF5
【TF家族练习生】《突围II破局》EP05：你的位置，决定了你有多少选择（下）,TF家族,明星综合,3189002,104215,8741,2109311,42921,12063,2927,5015,2026-07-26 11:00:00,BV1QR3E6qEAF
最喜欢薇薇安了,egg2588,仿妆cos,346751,75571,1150,88,21471,1360,669,19,2026-08-01 07:39:32,BV1icG36sE21
最倒霉也最幸运的【新疆旅拍vlog02】,粽子淞,日常,124760,21849,321,194,4963,1692,217,794,2026-08-01 14:04:48,BV1CMGG6zEoU
还有王法吗？还有法律吗？大风厂案人均违法？《人民的名义》05,一条闲木鱼,影视杂谈,297938,13859,2233,1352,3049,5908,199,1999,2026-08-01 03:05:00,BV1Z2GP66EhE
庆祝中国人民解放军建军99周年微视频《向百年》,央视新闻,日常,648932,93496,1869,2718,10735,19996,5571,208,2026-07-31 23:30:00,BV114Gw61E75
融合植物561：究极陆生贪欲水草！,蓝飘飘fly,单机游戏,156166,8629,1097,967,1057,851,425,463,2026-08-01 23:00:00,BV12CGG6yEKb
请查收！夏日贴贴 【绝区零生日会】,叶玲秋雨,手机游戏,346724,57302,611,404,14285,14712,1018,176,2026-07-30 12:30:00,BV1cD3i6NEsF
在一个破碎服务器的残骸下你又一次回到了这里,白蚀void,单机游戏,169908,17081,1350,1462,3904,1544,124,798,2026-08-01 11:30:00,BV1CtGV6yEq2
互联网上的富婆已经泛滥了......,铁柱大导演,日常,1060120,35958,3564,5480,4728,2625,7268,298,2026-07-30 04:22:15,BV1hD3x6WEkU
電脳殺意 (cyber_bloodlust) / Neru feat. 重音テト、音街ウナ、鏡音レン,Neru_Official,VOCALOID·UTAU,166106,41500,2838,857,21851,13468,6119,148,2026-07-31 10:00:00,BV1oQ316sEmV
臭企鹅教你在外面白嫖  【B萌应援】,陪穗看烟花,鬼畜调教,598065,84173,3724,275,21907,8103,16505,66,2026-07-30 17:18:03,BV1743h6LEsX
一只老鼠遇到我家六只猫和一条狗，结局万万没想到啊,猫小哥i,喵星人,1329166,47608,9005,9852,5364,1528,4372,512,2026-07-28 11:00:18,BV1773B6vEZM
《明日方舟》EP - Every Road is a Yes,明日方舟,手机游戏,328080,43225,7581,1085,9942,10790,3180,197,2026-08-01 03:00:00,BV15QGP6ME3s
吸血鬼爱上“人类 ”...可谁是谁的猎物？,不爱吃榴莲的Nana,美妆护肤,716486,56790,283,44,17780,2164,394,77,2026-07-30 09:27:16,BV1oA3t6PETp
横跨18年，这或许是宝可梦史上最难获取的精灵【游戏考古】,33不是山山,单机游戏,576952,64086,1873,1886,16329,29208,1951,1515,2026-07-31 01:29:00,BV1oK3a6mEaq
爽爽爽！博德3、八旅一众3A全部新史低？！更有13块就拿下顶级IP开放世界神作！【居士的单机折扣严选8.1】,蒸汽居士,单机游戏,150674,7728,327,375,1324,639,183,642,2026-08-01 09:00:00,BV1GSG36QEeh
蔡徐坤又被“玩坏了”，《Jumpstyle》舞蹈火遍全网，几天就35亿播放,音乐Wu哥,乐评盘点,916338,18478,2309,2050,2069,521,1231,196,2026-07-28 09:09:30,BV1mg3v6kEiP
【TF家族】《2026TF家族运动会》Day2（下）,TF家族,明星综合,1252023,38869,3698,481657,23011,4128,738,7737,2026-07-30 10:30:02,BV1iE346NE1o
看我非洲文明施展连环妙计！【帝国时代4】,DarkCarrot,电子竞技,649985,57016,1961,2464,10489,26472,1641,1005,2026-07-31 10:44:00,BV1FiGw66ENw
1.6亿Token只花9块！DeepSeek V4 Flash实测：梁圣，还是梁子？,神烦老狗,软件应用,343473,8865,2149,969,2578,876,1178,825,2026-07-31 22:21:06,BV1oLGM67EML
你可能不认识我，但是你一定听过我做的音乐,HappyPizzaBread,搞笑,143521,30226,557,84,5676,3177,451,19,2026-08-01 14:15:15,BV17JGG6wEC4
揭秘中国普通话最标准的地方，不是北京，竟是个村子？,YuncoJoey,出行,290459,8611,1170,1249,2785,1690,412,705,2026-07-31 09:00:00,BV1Qk3y6rE2Z
【完整版】人民军队大片《制胜》第一集《战旗所向》,央视新闻,日常,607635,50166,1220,2387,12641,16139,4988,1441,2026-07-30 12:00:00,BV1Tn3t6XET8
我开源了一只MC猫娘，并带她挑战全球排名第一的AI！【B站AI创造公开赛】,W博士与AI猫娘,综合,74217,16378,254,556,3828,1156,171,1158,2026-08-02 01:30:00,BV1BRGg6bEqy
带法拉利车主跑外卖,基崽jiz,日常,632238,64560,550,500,4289,1964,173,488,2026-07-29 10:05:00,BV1zBgY6QEVD
5年前的粉丝快递开箱！我的粉丝难不成都是天才？！,GM的秘密基地,手工,213644,9780,237,327,1934,523,34,386,2026-08-01 11:03:47,BV1zfGG6eEPJ
人们永远在寻找下一个靶子,蒜偷小狗八,同人·手书,353856,42115,1590,991,6075,2669,410,144,2026-07-31 10:03:20,BV1tnGw6DEZw
【时代少年团】「米爆探班日记」EP05,时代少年团,明星综合,205716,14783,437,26082,3530,3040,201,1032,2026-08-01 10:00:00,BV1y1Gg6vEM5
《采访成功人士》这期很有教育意义～,iBook_,搞笑,2369830,172189,1690,435,35315,2400,4895,40,2026-07-29 04:44:49,BV1Zb3y6HEGk
极限状态下拼凑出来的合金弹头4，竟然隐藏了这么多秘密！,老孙聊游戏,单机游戏,129296,7040,138,396,1452,1369,42,862,2026-08-01 11:17:16,BV16XGG6BEDN
差点以为这一仗打赢了,销冠李老板,日常,173122,39210,1376,162,904,4474,101,111,2026-08-01 09:18:55,BV1yyGg6TEXD
把文字还给它本来的意思！,小万姑娘呀,人文历史,170781,21306,1537,464,2759,5834,545,208,2026-07-31 09:45:18,BV1QdGw6dENV
欧盟打算同时对抗中美,燕三嘤嘤嘤,人文历史,3202204,162628,7685,16324,24552,35134,4885,1132,2026-07-29 03:50:00,BV1Ja3q6KENJ
卷王教主VS松弛大爷，刘旸“倒反天罡”教于谦做播客？【多新鲜呐ep26｜于谦的视频播客】,于谦,日常,820316,31540,1444,2865,8253,12286,1119,3334,2026-07-30 09:00:00,BV1kB3F6iE7L
纯绿玩,苏醒游戏解说,网络游戏,1308129,61977,707,896,3292,582,269,159,2026-07-30 08:57:24,BV1pU346yEpN
来杯好酒摇一摇,云南交警,日常,5082936,638171,22387,22651,110904,70285,68358,43,2026-07-27 10:26:57,BV1s9gf6qE8t
九万是大王又怎么样呢？,格雷小姐姐,喵星人,625438,55890,12071,2207,2715,2138,699,122,2026-07-30 09:28:01,BV1LA3t6NE9n
生米们 看得爽吗？,_张天琪,日常,2124259,105016,2979,5892,35506,18773,1897,569,2026-07-29 11:12:47,BV15Z316nEsR
采访辱骂者本人,韩路有点意思,日常,167428,5228,1346,1676,916,1239,587,1003,2026-08-01 07:17:31,BV1JYG36YEif
从末地520W格距离飞回主岛？,振羽Xlb-,单机游戏,287073,42892,683,1710,4631,3414,177,463,2026-07-31 01:01:45,BV1co3h6REbE
被全网投诉下架的发声玩具到底得罪了谁？来一探究竟看看这玩具到底有什么魔力？,三星汽车官方,日常,623683,17880,1339,808,1442,760,2309,186,2026-07-29 23:39:00,BV1bW3n6qEvr
3个日本UP东京面基！全程唠嗑收不住！节目拉满！,平平出击,美食侦探,217476,11602,346,347,1612,1885,139,645,2026-08-01 10:51:36,BV1CYGV63E3c
吃不了压力之人每天都在吃压力,派小轩,小剧场,2566719,64421,499,175,1919,892,434,80,2026-07-30 08:19:31,BV1P43t6UEZn
越狱成功！！好久没有这么幸福的吃饭了！！,大祥哥来了,美食测评,158758,8619,325,364,990,1417,115,587,2026-08-01 10:00:00,BV19Q3z6cEn1
当小白体育生第一次跑速耐,刘宇沉淀哥,运动文化,3783054,118907,1303,673,3709,1334,576,91,2026-07-29 09:48:46,BV1nb326FEbn
卢本伟的打牌日记1|输了有惩罚之骨头咔嗒响,三国百将牌,桌游棋牌,1863555,28646,1248,885,4786,9564,12128,635,2026-07-29 02:55:00,BV1G23q6dEEc
格教练点评【花小龙】,CoachGreg格教练,健身,1282828,32484,3353,1548,5678,2567,629,958,2026-07-29 03:31:11,BV18C3k6PEPt
黑塔PV里的数学公式，居然真的能推导出来？它们竟然和曼德博集合有关系！,崩铁牛奶,配音,238205,26700,547,167,4898,1045,1388,285,2026-07-30 20:02:09,BV1o2386kErP
不能忘记的东西....,急救猫_-,手机游戏,105978,16429,430,155,4677,2474,333,275,2026-08-01 04:40:55,BV1zDGM6WEBk
找到了人类进化的原因……,鹤吱菌,搞笑,136447,7668,235,393,1032,778,158,210,2026-08-01 04:06:49,BV164Gu6fEfo
你的止痛药吵到我了知不知道  【三角洲自制动画】,WINILOP,MMD·3D,1350465,151413,3014,487,29601,12190,3451,107,2026-07-30 09:10:23,BV1wQ346kEuY
《小半》校园合唱｜“我别无所求，只想被阳光晒透”,两棵枣树-游梨,演奏,98559,15536,884,156,2326,1552,227,182,2026-07-30 04:25:34,BV1TL3x6EENb
体验魏晋南北朝平民的一日饮食,不锈钢猩猩,人文历史,362532,16037,1192,1974,5352,8036,571,1381,2026-07-31 03:20:00,BV1z63862ERk
你以为做不完我能放你退休？,迂磨二公子,搞笑,250359,25100,782,174,1124,1710,113,159,2026-08-01 10:21:55,BV14nGV6EE9b
带猫去格鲁吉亚蜜月旅行vlog,海棠_HaiTang-,出行,474714,65491,631,762,8113,6103,1800,513,2026-07-30 12:24:50,BV1CQ3b6nEpY
【FGO棉被】EX戴冠战速刷必看！ 冠位系统、周回奖励、卡池抽取建议 助战避坑全解析,叫我棉被,手机游戏,324670,6430,3159,621,2588,2393,408,1825,2026-08-01 07:42:48,BV1icG36sEYq
我们是相亲认识的……,ENX叉叉酱,同人·手书,745420,98759,3842,335,7427,1427,1320,73,2026-07-31 11:00:00,BV1hiGA6bEAN
在出现巨大石墙的洞穴里捡到四个大学生,鸽子户外探险,出行,825326,69808,1745,1234,6787,997,1285,276,2026-07-30 09:07:09,BV1F93463EwD
太好了！捡到爵士豪猫了！,短腿小拖宝,喵星人,3980036,319538,7625,1415,42564,3595,20546,37,2026-07-30 01:58:02,BV1P73W6uEig
【TF家族练习生】《异常加载中》 MV预告,TF家族,明星综合,575970,34470,2295,24723,7414,2243,2167,22,2026-08-01 12:00:00,BV1hGGV6RE29
我不是美女律师，更不是网红律师，我是冯予希律师。,183的冯予希律师,社科·法律·心理,506839,37059,2809,2336,1599,912,251,336,2026-07-31 10:16:00,BV1V8GA6YE5v
我刚走两天，小超人也干不下去了,操机王,音乐教学,1503514,93485,1577,1233,7568,2444,1051,773,2026-07-29 06:09:02,BV1cW3y6REpD
真戴2.6米大翅膀跳30分钟啊‼️,矮乐多Aliga,日常,470865,43959,1029,892,16093,6739,1133,1883,2026-07-31 04:05:00,BV1qr3t6uE4L
我和我的兄弟一起刷视频 但他的手机没电了：,凉凉凉Official,亲子,1020116,139031,7313,2858,18610,1649,6645,17,2026-07-30 03:34:39,BV1ze3x6NE86
新能：你是说新幻神是地面？而且还有弹药技能！？,樗柒ヽ,手机游戏,162674,6009,983,297,570,536,276,161,2026-08-01 16:26:14,BV1tY3m6LEqa
【朱志鑫】四日混剪 一键换装 「竞速游戏」多机位 4K直拍｜登陆少年梦寐以求演唱会,帆_朱志鑫,娱乐粉丝创作,72148,11529,8309,13123,8195,12076,2614,225,2026-08-01 09:47:05,BV1KrGg6uEbn
【直到大地变成一颗酸橙】TO-1至TO-9挂机流，小游戏刻章都不愁！| 明日方舟攻略简单好抄(含TO-9豪华版，安洁莉娜的旅行小记等),自在道爷,手机游戏,219711,5176,265,223,1065,3445,50,4321,2026-08-01 04:24:23,BV16UGM6RE42
被迫出差 上门喂养阿姨给我拍的视频,喵君是个大聪明,小宠异宠,148407,16819,577,676,1026,2012,1239,211,2026-08-01 08:56:34,BV1MvGg6VEwE
再不玩钟无艳就要加强了（50%）,流夜一动不动,电子竞技,662265,33556,830,572,983,558,520,190,2026-07-31 06:50:10,BV1LbGA6PEjz
如果你是顾客会打我吗,马叔叔教蛋糕收学员,美食制作,2299450,57332,1628,235,3275,657,285,38,2026-07-30 08:10:34,BV1D33t6ZEMb
锅已就位,脱缰凯Kk,小剧场,3878385,223449,2477,5246,18674,6632,1700,290,2026-07-28 09:10:03,BV1Qy3v6JEiq
养到绝世好猫了,宫百万_,喵星人,2900247,263268,3847,1026,15098,1450,8234,37,2026-07-28 05:00:00,BV1s73A6mECg
开始黑化,林思彤77,小剧场,146883,17984,547,537,1159,1095,131,250,2026-08-01 10:53:27,BV1HYGV63Et4
MC最热门的生物模组！Alex的生物！末地篇！模组讲解！,restart浪生,单机游戏,404757,22094,423,789,8396,2985,328,760,2026-07-31 10:08:20,BV12WGw6mE3h
"ASMR某非遗古法疗愈""大师""直播间 (通泪腺、海底捞、护甲抓背、电脉冲头疗)",乌乌Woozzz,日常,131945,14481,530,922,4286,3465,234,502,2026-08-01 08:10:08,BV1DgG36EEWe
萝莉控天堂🥰,奶油-cream-,综合,157924,18045,456,421,1534,697,408,133,2026-08-01 06:31:21,BV1snG36rE2M
热烈欢迎“苟师”孙浩！听说浩哥是个讲究人，今天看看他都用什么讲究物？（本期又名《热烈欢迎之孙浩打歌大舞台》,papi酱,短片,1331659,115695,3005,21307,10959,37216,5187,2066,2026-07-30 04:00:00,BV1xj3v6BEZ6
omg这是我唱的难度最高的中文歌,ChrisJames_,原创音乐,4102596,315332,3375,1169,14221,14753,2598,46,2026-07-29 11:00:15,BV1jd316QEV4
白鹿露思演唱会折磨，双男主cp边麦边磕，短剧长吃这一秒上火,接二连珊妄想症,娱乐杂谈,965961,71767,3637,36509,7933,16325,4894,973,2026-07-30 10:00:00,BV1Py3467EwN
为了吸引玩家，现在的游戏厂商究竟有多拼？,艾力弗恩,单机游戏,296443,16188,342,880,3221,2148,370,292,2026-07-31 03:00:00,BV1mJ3t6pEo3
当医学生去医院看病,无奈の老王君,影视剪辑,3251546,96649,1298,324,9214,583,2235,71,2026-07-30 02:00:00,BV1hngq6SEaR
花20646元带罕见病PAPA综合征儿童吃饭，看看能吃什么,橙飞一下,美食记录,1233748,111686,3527,2152,12038,82031,1941,1034,2026-07-30 08:54:25,BV1cD346VEzb
KING王者归来 瘦回巅峰上音综  资本最汗流浃背的一集,抽乐个大象,音乐综合,898794,11321,335,590,2385,2016,528,864,2026-08-01 06:24:07,BV1gRG36EE5T
假装跟空气打架，实则跑3公里，不被发现,L泓帆,日常,531232,24472,1087,704,7211,4133,1294,136,2026-07-31 09:45:39,BV1gdGw6oEBc
"【中文歌单】""该怎么去形容你最贴切""",灵魂典当人,音乐综合,3364538,55053,271,72,39468,938,158,2231,2026-07-30 00:00:00,BV1kR3J64EuK
天下无双！#大晶 #宫本武藏 #倒也可斩 #刃牙 #二次元 #cos,大晶本人,日常,655733,70548,1048,166,6528,1958,842,28,2026-07-31 12:49:28,BV1ScGN6cEs3
当代学生精神状态：吃饭大冒险,碧月狐,单机游戏,624241,83803,1258,1184,11737,5130,1500,61,2026-08-01 01:35:00,BV1d5GK6gEL1
山 东  人 能 飞 ⚡⚡⚡,小思孩子啊,搞笑,1097075,48025,5151,706,5750,1029,15507,85,2026-07-31 08:06:18,BV11MGA6mEpw
抽象历史人物志——爱迪生,抽象历史人物志,人文历史,635904,53532,922,371,6361,1178,949,150,2026-07-31 00:37:16,BV1ms3a6vEqv
侠隐柱间初上手憋笑挑战纯享版,women51,手机游戏,199873,11082,798,760,1214,814,457,868,2026-08-01 05:31:43,BV1GUG36pELQ
我见过的最好的AirPods保护套设计,一普通正常人,数码,3184184,112899,2740,228,9976,556,6038,22,2026-07-30 05:07:39,BV11E3x6LEYF
离职当天就后悔了,少吃点布洛芬,日常,120214,7559,365,137,848,685,232,234,2026-08-01 13:05:08,BV1K1GG65E4p
不会弹反化解的侦探不是好主角，白银之城到底怎么玩？,你的影月月,手机游戏,498768,37640,639,157,3362,1274,267,286,2026-07-31 04:00:00,BV1Vs346cEXJ
53颗CPU+52张显卡 耗时三个月！才做完的实测CPU+显卡天梯图！高清原图免费下载 持续更新！【2026.8.1版】,硬核搞机宅,数码,63123,4762,567,146,2075,4910,197,764,2026-08-01 09:23:48,BV1C1Gg6vEeV
【原神】幻想真境剧诗 卓越+月谕难度(2026年08月)水雷冰/新深渊/平民低配满花/试用角色/超低配/幻想真境剧诗/原神月之八,你的影月月,手机游戏,230050,14159,4212,728,2522,4813,506,1285,2026-08-01 04:31:57,BV1zmGM6xEvh
买齐20台二手 iPhone，1000到7000元怎么选？,先看评测,数码,193910,13856,186,109,2723,2808,139,858,2026-07-31 11:26:37,BV1H7GN6JEnD
【手书】这下跳进黄河都洗不清了【B萌应援】,卡哇伊的桢子酱,绘画,222825,27569,988,236,4148,1885,532,32,2026-07-31 23:25:53,BV1MDGT6vEji
【下饭神篇】没有深刻，只有快乐！曹雪芹看了都美的五小时红楼精讲！,让让悠哉大王,影视杂谈,283113,12282,503,1373,12543,6850,694,18371,2026-07-30 11:00:36,BV1Ti346XEZw
请扶起倒地的企鹅!这孤岛只有你一人！你逃不出去！,与山0v0,单机游戏,4177155,114132,2055,8621,66228,13756,1373,2610,2026-07-28 09:13:56,BV19y3v6JEc8
跑死一切地球生物，人类耐力为什么这么强？,上将王司徒,科学科普,638252,27747,1140,399,2873,672,137,255,2026-07-31 11:00:00,BV1cX3b6SEC6
刀片风暴,脱缰凯Kk,小剧场,2282655,191453,1736,4637,16601,7760,1810,295,2026-07-29 09:25:08,BV18T3265Ewo
旅 行 的 小 陈,小陈的脚凑凑的,日常,512426,81059,1205,767,15566,12058,1932,126,2026-07-30 23:00:00,BV14M3h6bEHv
【男生翻唱】像个笨蛋一样去唱了……,社恐的小轩橙,翻唱,201055,41011,886,393,12498,2422,329,130,2026-07-29 07:52:30,BV13H3C6MEQF
“他可以不懂事 但是我不能不懂”,拉挖稀,科学科普,2071214,159530,3122,446,9731,1003,600,36,2026-07-30 12:22:43,BV1HQ3b6nEXY
“如果决算有限制，我希望是一万次。”,水水水木木木沐,手机游戏,466505,44575,1222,328,2640,527,3177,140,2026-07-28 15:23:23,BV1gX3z68EUz
国产烂片为什么动辄成本几个亿？拆解《749局》和华文映像的资本杀猪盘【银幕黑金档案04】,鱼丸队长,社科·法律·心理,771215,30093,947,1270,8161,13076,1271,908,2026-07-31 02:00:00,BV1fc386VEXk
二哈见到同伴被打，果断越狱去帮忙，结果……,哈仔十一,日常,217360,9922,418,885,621,1791,104,417,2026-07-30 02:30:00,BV1CZ3H6AEMa
《三角洲达人秀》第六期,迪仔三角洲,日常,607153,52557,981,549,10415,12218,3770,303,2026-07-30 03:37:01,BV1Be3x6NEpU
【鹰角嘉年华】我就这样救场…,v汐小豹V,日常,182683,24005,289,110,1769,953,351,188,2026-07-31 09:23:05,BV1bZGw6sEhu
“当全世界都知道你10天后成为超人（8）”,小火猫meme日记,日常,753310,33490,1149,456,11750,1415,180,148,2026-07-31 06:12:52,BV1hDGF6HEpF
"【方舟梗知识59】从W到维什戴尔,海猫到底有多能吃？明日方舟人物故事",灰幻,手机游戏,128979,7431,151,307,1995,1001,132,1028,2026-08-01 06:57:04,BV1nvG36wEFf
《向修猫忏悔吧》全曲,红烧牛肉丸子_,同人·手书,48778,7525,325,514,5117,2861,231,185,2026-08-01 02:51:28,BV1M9Gu63E7E
【影流之主1】更新啦，赶紧来围观吧！,影流之主1,日常,887089,105864,645,324,4848,1334,382,101,2026-07-28 07:41:38,BV1cT3i6eE8M
《 八 狸 世 家 》,念熙阿,手机游戏,246893,23854,764,517,2046,5508,248,492,2026-08-01 03:36:14,BV1J8Gu6oE2h
天使or恶魔？蕾米埃尔本人唱了【Two to Tango】…？,捡猫怪,翻唱,456788,43999,489,160,16613,1886,415,158,2026-07-30 10:55:06,BV138346oELb
2026年「绝区零生日会」,邦布帮,同人·手书,819607,83888,3446,19379,36033,43929,5461,5093,2026-07-30 12:30:00,BV1Gk3v6DEEt
当世界交响乐团遇上洛天依，共同奏响《Monologue》,洛天依,VOCALOID·UTAU,23539,9112,856,237,2895,3867,626,130,2026-08-02 04:00:00,BV1Tf3U67EwE
【脑叶公司AC手书】numb numb,祈侒侒侒侒,同人·手书,47148,13583,340,78,5502,3054,751,167,2026-08-01 02:00:00,BV1rkGM6fEdm
看古人如何将水仙子变废为宝？,走遍中国博物馆,人文历史,2232302,70546,5209,1919,6085,1057,9062,80,2026-07-30 06:00:00,BV1xH3z6DEzk
国家一级演奏员钢琴奶奶赏析原神至冬交响音乐会（音乐reaction）,钢琴奶奶-尹松,日常,127206,10456,656,1021,1834,2723,264,1858,2026-08-01 11:27:06,BV1FdGG6qEPt
真实事件不改编,七颗猩猩QKXX,日常,1133548,42772,1096,721,3554,829,724,159,2026-07-30 10:49:14,BV1xz346DEB3
【洛天依/诗岸原创】“只要有你陪我听!”,冬瓜Key_P,VOCALOID·UTAU,100534,29109,849,348,16511,4591,1361,207,2026-07-31 09:00:00,BV1znGA6zEbW
全灭！奶曼五兄弟！,ZC先生V,特摄,123201,4022,464,248,1364,996,2696,331,2026-07-31 18:04:58,BV1EKGK62EdA
"穗穗: ""今晚, 一同沉醉于夜色中吧🎵~""【鸣潮/NIGHT DANCER】",Cypher摸鱼中,MAD·AMV,272989,27882,542,162,11359,5717,2080,131,2026-07-30 09:30:00,BV1K73W6uEcH
雾都追凶【绝区零生日会】,哈米伦的弄笛者,GMV,584539,51233,507,790,15083,18432,3154,154,2026-07-30 12:30:00,BV1yt3z62EBX
学习作曲导致听力下降…,萤灯沵汓,搞笑,78938,8175,259,166,973,776,163,116,2026-08-01 08:35:47,BV1YNG36QEKP
人生最大的残疾从不是身体的残缺，而是内心的恐惧！,造梦阿瑄,日常,318535,20207,313,341,1806,1956,84,214,2026-08-01 04:00:00,BV1unGP6bEFZ
一个社牛在绿皮火车上会做出什么离谱的事…,薛定谔的咖啡橘猫,美食记录,3572427,107407,4792,1323,21344,3494,1658,172,2026-07-27 01:56:41,BV1YSgd6kEkB
《评论区！桌搭锐评12》男人的秘密基地！【B萌应援】,ACG外观研究社,数码,404929,23258,409,544,6883,5377,175,541,2026-07-31 09:35:00,BV1LH346AEgp
偷窃癖、囤积癖、恋物癖....每个人心中都有一只蜗牛《蜗牛回忆录》剧情拆解+细节隐喻分析,一起干杯叭,影视杂谈,3020092,67297,439,1138,50624,5370,901,2646,2026-07-28 08:20:29,BV1jY3v6oEmp
讲话不过脑的后果到底有多严重，这起案件值得所有人看一看！,我是大佬K,人文历史,124732,7082,326,838,1867,2045,74,1692,2026-08-01 10:00:00,BV14jGu6iE2T
我逮住蕾米埃尔了！,鼎芸,同人·手书,1857644,220823,2770,782,55444,20628,4954,293,2026-07-29 03:38:40,BV1d23r6GEqQ
我来抢走孙傲的饭碗,杜海皇,搞笑,1644876,105282,3193,12774,27540,33373,1708,796,2026-07-29 10:27:48,BV1JU3164Ek7
在欧洲最高，最危险的宾馆住一晚！我睡不着了... | 意大利 玛格丽特山屋,鹏的世界_,出行,639294,28579,732,1631,9643,5075,1058,2033,2026-07-30 09:49:04,BV1Eo346uEVd
OpenAI的十个重大数学成果：数学核爆已成常态,分析学爱好者,日常,131306,4163,2028,348,1378,649,2344,408,2026-08-01 10:39:39,BV1HhGV6kEUy
生活不易，携子卖艺#新生儿,蕾蕾蕾杨,亲子,108305,17104,274,139,1655,1241,1053,88,2026-08-01 13:24:31,BV1HVGG6KE7B
这智人是怎么说服野人的啊！,丁D家D乐,搞笑,834302,58748,972,485,11095,702,1690,76,2026-07-31 10:33:18,BV1FvGw63Eee
这植物种下去将会很疯狂！,我真是小熊Game,单机游戏,485058,16849,208,990,12167,1081,37,329,2026-08-01 04:55:52,BV19cGu62E56
谁种的？我摘走了哈！,圆圆的智子,喵星人,283545,22856,185,472,5840,19688,196,295,2026-07-30 09:10:00,BV1xq3s65E8z
兄弟们，挑战带良子登顶峨眉山，你们猜猜能成功吗？,健身华哥,运动综合,1216124,40017,6952,3735,4793,3486,7117,834,2026-07-30 03:15:55,BV1qv3x6eEtS
当你打「主播巅峰赛」 被职业哥撕咬,QG吃饱辣,电子竞技,1364804,42048,176,344,42589,3611,227,423,2026-07-31 00:30:00,BV1z23a6nEGg
这样唱可以像张韶涵一样治愈你吗？经典神曲翻唱《隐形的翅膀》,真栗,翻唱,534093,34220,1175,2246,8803,7708,1590,202,2026-07-31 04:28:36,BV1kgGc6BE8d
【Creepy Things动画】17集：善意,GHS动画,同人·手书,646420,70519,832,128,6669,844,126,47,2026-07-31 04:15:00,BV11Tgo6cEDB
【杂谈】术力口为什么越来越低龄化？圈子的风气该改改了！,PCKCOOL,音乐综合,57546,6094,1001,307,2841,802,185,362,2026-08-01 19:05:07,BV1De3S6pE2d
【初音/重音/手书】67位初音重音的天国地狱国,Kevin-Silvia,日常,56265,9669,327,435,5384,1310,443,188,2026-08-01 02:00:00,BV1Y1GF6REjE
把经典毁成赛博垃圾！逆大天的父与子3D【周余】,不知所措的周余,动漫杂谈,156759,9567,630,913,2370,1090,190,374,2026-08-01 09:53:46,BV12WGV67EF5
这期要素太多标题还是拜托大家了！,胡胡不胡o,日常,1054715,26999,522,411,5679,1306,150,625,2026-07-30 14:59:33,BV1bd3t6ZEqb
为什么我20岁以后，再也不玩游戏了,邵艾伦Alan,设计·创意,40600,1738,836,267,935,884,169,1217,2026-08-02 01:58:32,BV1Kp3D6SEwp
【蓝牙耳机推荐】2026年8月精选！百元耳机/通勤降噪/HiFi音质全都有！全实测听感，学生党通勤党必看，建议收藏备用！,硬核毫安,动物二创,347846,11242,168,487,3088,2615,471,1243,2026-07-30 08:52:36,BV1tn3t6XEgs
真吃熏鸡架拌巧克力啊！！！！！,喵小乐是喵喵,配音,358965,25824,927,446,5934,1648,1576,107,2026-07-31 11:10:41,BV1W7GN6nEFR
红石军械4.0，即将上线,红石公司,单机游戏,154846,12838,3215,836,5340,1566,2227,150,2026-07-31 17:01:54,BV1gHGK6iEr1
两小儿辩日（还挺好看）,花盆儿儿儿,同人·手书,132803,23077,283,128,8609,918,631,101,2026-08-01 04:00:42,BV1sJGu6eEzk
水岸猫部落已具雏形，它们也有自己的新餐厅啦。,五月妈院儿里的小流浪,喵星人,243897,31623,498,479,2762,6445,241,288,2026-07-31 09:54:21,BV1mpGw6EEs4
无比血腥的禁书,不嘚瑟都掉毛,社科·法律·心理,431420,20045,136,439,4301,1910,522,1648,2026-07-29 12:43:58,BV1293y6PEDh
《桃李满大坝》,三角洲-安澜,网络游戏,953911,53891,1965,759,7242,1206,1360,185,2026-07-31 01:15:00,BV11A346LE4E
融 合 读 评 论 2,蓝飘飘fly,单机游戏,302295,25969,1815,7699,5441,5971,643,1774,2026-07-31 23:00:00,BV1XnGK6KEpq
众生欢笑不已,GTI火箭兵鲁鲁鸟,网络游戏,1249686,66531,689,507,8179,1000,2474,231,2026-07-29 05:48:05,BV1AL3y6cEoR
八一建军节，铁血铸军魂，愿国泰民安，向军人致敬,爱摆牌的龙龙1代摆,手工,68773,15266,110,362,1601,6253,103,147,2026-07-31 09:39:26,BV13XGw6fEBG
🐬不用坐班的好事竟然轮到我了🐬,哈鸡堡,影视剪辑,161727,20452,292,92,4430,1281,202,116,2026-08-01 02:24:38,BV1KoGu6uEDp
东北物价确实低，但真没想到会低到这个程度#日常vlog,演员王宁,美食记录,335028,28911,1759,954,4581,1205,2854,409,2026-07-31 08:30:00,BV1Tp3t6HEEa
苦的怀疑人生了！,豌豌籽,美食记录,69700,5929,227,407,972,1973,89,191,2026-07-31 12:40:18,BV1q1GP63Er5
宗主的天阶功法我已将将入门,反白飘艺术家,舞蹈综合,1765861,70209,1200,263,2753,5245,811,27,2026-07-31 07:56:14,BV1sNGA6SEfm
人类本身就是奇迹,朋友圈旅行日记,软件应用,1991871,111421,4465,292,20808,3287,880,18,2026-07-29 12:08:43,BV1u83166E4a
兄弟们，刚哥的烤肠上线了，今天带大家检验一下刚哥黑猪烤肠的生产流程，让大家每一口都吃得放心！,李维刚的日常,美食侦探,3020784,215105,9487,1763,13948,13650,5367,190,2026-07-28 09:49:17,BV16t3v6cE85
兄弟几个演的都能获奖了！,校校马上火了,小剧场,3289473,124321,614,311,10525,805,729,126,2026-07-27 05:17:23,BV1vSgZ6nEqx
基需慢慢哈，心急则气散,林芷伊kiwi,仿妆cos,2971882,367473,5226,6711,44781,19875,24368,43,2026-07-28 12:09:22,BV1uX3q6QEmg
在三星堆，你能活几集？,星球研究所,人文历史,571563,31577,1142,1498,10590,9219,2275,637,2026-07-31 03:04:24,BV1gYGc6XEE3
德国企业给国人建的单人宿舍6,德国工地卷王平哥,日常,190117,11909,1738,764,3027,794,2366,141,2026-07-30 19:15:15,BV1i1386VEtk
【爆肝】10万+乐高积木，从零搭建史上最大MC世界。【游戏之外】,史蒂猪StevenPig,单机游戏,567020,31987,258,1112,4497,4845,311,320,2026-07-30 07:17:56,BV15j3s6ZEZL
泉…泉奈？！！,晓贪猫,日常,170509,20751,979,285,8050,1459,557,82,2026-08-01 12:18:15,BV1gqGG6SEMC
原神7.0抽卡推荐和新的自选命座推荐,龙四爷攻略组,手机游戏,118922,8095,1204,1110,952,3805,183,1085,2026-08-01 14:07:10,BV1JjGG6PEY2
法老的诅咒：一场殖民者写给世界的爽文,大圆镜科普,科学科普,5125155,222428,1988,2156,28868,11655,3638,460,2026-07-27 09:47:51,BV1mt3F6VE7K
起 飞 大 对 决,卑鄙的南瓜骨头,鬼畜剧场,636344,49496,546,363,4528,737,1829,97,2026-07-30 09:10:00,BV1f93s6aExh
【审稿编辑吐槽网文投稿】后室电影下一部让我群里写手来当编剧,一棵一棵,搞笑,341311,28531,1992,4576,6085,3687,1496,1019,2026-07-31 11:31:55,BV1y4Gw61E34
古法…3D动画？,杨小谬,绘画,55862,17441,243,25,3253,3296,175,25,2026-08-01 12:58:06,BV1KkGG6jEBT
【HP】聆听吧汤姆，这是霍格沃茨献给你的镇魂曲！|《死亡圣器》原著细节盘点【哈利波特十级学者】,唱唱反调呗,影视杂谈,207605,16778,819,3126,4881,10482,355,2475,2026-07-31 12:00:00,BV18dGw6dEzi
“秀秀无敌腰上滚伞”,紫颜-小仙紫,日常,163945,20862,333,81,3415,1466,225,29,2026-08-01 10:57:16,BV1qcGV6AEu6
咸鱼之王爆氪一个月直接通关，顶氪关羽太强了,老芒果OL,网络游戏,194310,10913,258,213,766,3755,141,519,2026-08-01 04:05:00,BV1CGGN6XEDT
可是她叫我同志诶｜“同志你好，欢迎来到未来”,o小庄o,仿妆cos,570638,22068,225,131,3809,4152,837,254,2026-07-30 09:00:00,BV1u73t6REno
各地血库告急，为何公众反感无偿献血？,我捞捞捞,影视杂谈,947188,12360,3212,684,4144,755,233,1532,2026-07-30 03:16:35,BV1GdKk64E7R
广西人吃到美食belike：,烛不遥,综合,3552338,285634,10805,11020,38862,8456,24783,39,2026-07-28 14:42:25,BV1dZ3i6bEyA
【明日方舟】夏活“直到大地变成一颗酸橙”TO-1~9摆完挂机全关卡攻略！操作轻松+语音详解的愉悦攻略！《明日方舟》|魔法Zc目录,魔法Zc目录,手机游戏,234588,12993,1222,359,1752,4147,308,1290,2026-08-01 05:09:48,BV1YAGu6LEci
哥哥起诉弟弟“借名买房不过户” 弟弟举报哥哥“冒充自己上大学”,闪电新闻,社会,2490560,95373,2709,483,4494,610,5398,59,2026-07-30 14:27:18,BV1aY3b6YEi2
答应你们的cos贝利亚…,egg2588,仿妆cos,1174566,156737,4792,408,18667,26622,9003,13,2026-07-30 04:43:12,BV1Qu3x6HEGB
新老师班级发奖品，引起领导不满,脱缰凯Kk,小剧场,1163644,100702,2749,3680,9586,3549,723,319,2026-07-30 09:24:02,BV1pm346LEH8
花了100w装工作室，是梦中情司还是拉完了？,小鹿Lawrence,家居房产,437291,27358,996,3449,6318,14421,1046,1191,2026-07-30 10:00:00,BV1LS3r6gE7k
真相，给我编好了呀！,吟游诗人AT,综合,304514,26007,452,2468,4794,2242,1457,812,2026-07-31 09:30:00,BV12TGA6EEGA
韩国黄金时代熔断辣，李在明如何力挽狂澜？,麻薯波比呀,社科·法律·心理,1769250,79618,6694,6667,10327,7945,2684,1100,2026-07-29 09:51:20,BV1nx326wE9p
日本黄金音乐时代，真正的幕后主使是谁？！丨HOPICO,HOPICO,乐评盘点,509083,37859,763,467,10567,4269,968,1312,2026-07-31 09:30:00,BV1NSGA6SEhw
这桌坏女人谁都不好惹！🍷《Tough Love》重填词翻唱【绝区零生日会】,莉莉莉莉尔,翻唱,361042,40662,831,400,22293,26466,3148,279,2026-07-30 12:30:00,BV1a13v6UE2M
努力自律太难了我真的试过了，对不起，大家取关我吧,南咲灰,日常,1235655,98913,3940,2248,39637,20158,1745,1017,2026-07-27 17:42:36,BV1cM3P6CEns
别被制造焦虑了，自律的前提是生存！,硬汉形象26,健身,47992,7541,187,32,1188,602,55,179,2026-08-01 12:59:30,BV1m6GG62EXR
【三哥向前冲】秃头老红vs蛮力老绿~谁能去能胜利~急的人得脑血栓,-超级小能猫-,搞笑,1571398,72868,545,2580,7303,2960,823,342,2026-07-28 10:27:04,BV1AN3B6CETA
“记忆碎片”,shark_白鲨糖,综合,91535,24012,494,73,7035,3136,373,45,2026-07-31 23:45:51,BV1pEGT64Ezo
【唐唐】深度解析伪纪录片《被诅咒的大家庭2》真相浮出水面！,Big笑工坊,影视杂谈,101706,6998,297,542,1781,1829,112,1840,2026-08-01 04:20:00,BV1LaGT6mEZk
不要小瞧朵朵和小乔之间的羁绊啊！,LuFee__,电子竞技,294890,14797,274,407,4739,581,446,150,2026-08-01 04:00:00,BV16vGw6gELQ
【明日方舟】夏活“直到大地变成一颗酸橙”TO-1~9低配平民攻略！操作轻松+语音详解的愉悦攻略！《明日方舟》|魔法Zc目录,魔法Zc目录,手机游戏,125775,11601,627,119,1298,1982,377,1177,2026-08-01 09:52:30,BV1xsGV62EJk
我也有今天,GTI火箭兵鲁鲁鸟,网络游戏,678506,22177,319,408,3122,572,518,316,2026-07-30 07:28:05,BV12q3s65Ecq
非常抱歉！！！！,走路摇ZLY,日常,471559,39585,595,95,7435,1265,455,21,2026-08-01 10:12:11,BV1S7GV6HETH
几百块的尼康D90拍摄高画质手办,忠祥传媒,数码,108953,9452,457,112,2442,599,484,155,2026-07-30 06:07:07,BV19F3x6tEdm
“你像窝在被子里的舒服”,青枫岚风,日常,160332,31477,421,1187,5825,6923,112,80,2026-07-31 12:19:14,BV1RXGP6iEBG
一秒变异！夺舍6头6甲+ASval+AWM，633万撤离！,苏醒游戏解说,网络游戏,4214364,78130,873,1825,22160,1871,624,268,2026-07-26 09:30:00,BV1re3j65Ebt
这地方满街都是猪脚香，又来浪一把…,野文不懂吃,美食记录,1213500,24060,2156,1992,5348,2116,3391,594,2026-07-29 10:00:00,BV1cp3y64ENG
沉浸式体验清代御厨做古法椰香雪团【AI全民制作人】,老辈人讲古今,美食制作,3342797,69874,1347,474,18708,1246,343,113,2026-07-26 14:48:07,BV1SVg96bEZE
何润东杨齐家老六联动扶贫，目标：手搓非洲之星,老六没有福利号,网络游戏,226258,15696,419,409,1985,683,84,855,2026-08-01 09:05:05,BV1S8Gg61Edr
⚡嗷 呜⚡星 铁 旗 袍！你 选 择 谁⚡,莉可Kurisu,日常,151302,43601,293,555,19617,1002,1150,29,2026-08-01 10:06:16,BV1MEGV6QEv8
官方要来？战士/射手加强！泰拉瑞亚7月份发生了什么？,粉史莱姆,单机游戏,364744,19610,1397,1148,2070,633,3774,381,2026-07-31 10:36:36,BV1nBGw6uEN8
1秒5肘！墨子迪迦，红色力量形态启动！！,最后一只渡渡鸟,电子竞技,503792,20907,494,399,6613,1958,634,361,2026-07-30 09:31:47,BV1dc3t6vELX
宗主第二招🚬,永雏塔菲,MMD·3D,249073,36006,1115,159,2664,2421,2500,22,2026-08-01 07:48:10,BV16QGg6hE89
当你旅游总是碰到用同一套攻略的人,比比老师,搞笑,2832390,141924,1592,222,5672,587,1023,17,2026-07-29 10:00:00,BV1j23r6GEmw
【扒】大结局：无限选择就是个谎言，因为生命有限，你的每次选择都杀死了其他可能性《瑞克和莫蒂》9-10完美家人,周扒片,影视杂谈,519890,24618,929,734,3723,1754,336,820,2026-07-31 09:01:50,BV1YDGw6FErN
我们换了一种救助形式，让救助组织能活下去,本喵叫兔兔,喵星人,112456,19782,597,335,892,6229,249,305,2026-08-01 10:28:13,BV1JiGV6uEvt
李沁张雅琪关系的重要转折点！花五花七对比之为什么我会说张雅琪是“冷漠空心人”伪装的“小太阳”！！！李沁迟到那一天经受的打击影响有多大？！,糖兔loveing,影视剪辑,760196,22667,3444,4816,5141,7951,3621,1319,2026-07-30 09:20:49,BV1wm346LEaH
限时券永久保存？全自动MK4逆天属性？Boss后刷多刷还不算任务？7月30日三角篓子大爆发！,Key725,网络游戏,767023,33940,3529,653,6997,7251,1852,163,2026-07-30 16:26:10,BV1hR3t6bEK3
逐帧拆解7.0所有信息！伏笔从温迪到女皇？它其实不是派蒙？原神至冬前瞻解析,Jerryprpr,手机游戏,104863,13027,649,933,2644,938,274,998,2026-08-01 09:01:58,BV1VxGg6JEpS
韩立不是因为令狐才帮黄枫谷 而是想帮黄枫谷 所以才给令狐一个机会！《凡人修仙传》185集逐帧解析,白马侯子,国产原创相关,139225,8969,1187,690,736,1504,108,759,2026-08-01 13:34:58,BV1NNGG6rEWA
插翅难逃！警方联合多部门整治未成年人“飙车炸街”行为。,中国青年报,亲子,1645709,142021,4390,1481,7251,2328,3760,43,2026-07-30 05:00:00,BV1eF3W6DEiz
挑战在不违反俄罗斯法律的情况下，从三角洲百万撤离！,晨露ZLQ,网络游戏,354855,27599,165,841,4234,1271,58,397,2026-07-31 10:00:00,BV1UcGA6pEf5
鸡看到鸡蛋被人类拿走，为什么不生气,小动物大世界,动物二创,1998513,34485,1752,1287,7212,1348,1659,207,2026-07-28 13:27:36,BV1kW3q6rEod
这世界是一个巨大的县城！,写手一条城,社科·法律·心理,292302,25467,970,261,4607,1134,1255,254,2026-07-31 01:56:24,BV1ZZGc6vEtF
于是我为Verity制做了一首同人曲,Maxy不是白抹布,单机游戏,92933,21565,332,382,10427,2621,434,231,2026-07-30 23:50:00,BV1vh3h6kEty
《绝区零》蕾米埃尔EP | Two to Tango 交缠舞步,绝区零,手机游戏,3578607,226225,28160,11724,81338,143741,33590,1000,2026-07-27 04:00:00,BV1jhgf6pEJw
你和闺蜜人生通关后belike,五十岚上夏,搞笑,225739,33059,447,122,2207,585,1401,81,2026-07-31 11:59:24,BV1rEGN6UE8p
三角洲三选一赏金赛 选手装备：海洋之泪   m7能否清图？,贝利亚打洲,电子竞技,1192036,37728,184,590,31911,7447,61,167,2026-07-30 09:08:04,BV1J93463Et2
