标题,UP主,分区,播放量,点赞数,评论数,弹幕数,收藏数,投币数,分享数,时长秒,发布时间,BV号,数据日期,发布小时,发布天数
这里是。地狱吗,颗粒状-KLZ,绘画,116570,20326,670,660,3974,1997,325,367,2026-07-25 13:30:05,BV1vD3u6JEgC,2026-07-26,10.498611111111112,0.43744212962962964
解压！带鸡上山灭虫，保护森林人鸡有责！,路无边616,野生动物,145836,13700,1641,2188,879,1796,301,820,2026-07-25 23:00:00,BV1t33G6CETF,2026-07-26,1.0,0.041666666666666664
假如刘禅穿越成赵构！岳飞：这剧本是刘慈欣写的吧？,-古人云-,人文历史,282563,28042,930,516,4873,800,223,155,2026-07-25 11:00:00,BV16Z3M6REEB,2026-07-26,13.0,0.5416666666666666
起猛了，我在应用商店看到了超级变色龙，画画躲猫猫，进去一看，竟是盗版！,小啦伟游戏测评,网络游戏,1478294,31548,50,191,31397,3514,19,142,2026-07-25 06:19:03,BV1bC3M6KEpp,2026-07-26,17.6825,0.7367708333333334
国内游戏这么整，你不怕老外抗议嘛？,贪玩的薛定鹅,日常,322575,15274,66,526,1909,1534,253,296,2026-07-25 12:16:22,BV1kj3g6aEiB,2026-07-26,11.727222222222222,0.48863425925925924
景德镇，你怎么才申遗成功啊？！,星球研究所,人文历史,350060,23178,989,1244,5936,4857,1709,925,2026-07-25 05:02:11,BV1DY3K6PEp5,2026-07-26,18.96361111111111,0.7901504629629629
“一种开头一个结局，一部动漫一场青春。”,学姐圆,MAD·AMV,296018,85559,1739,389,30074,15479,2846,71,2026-07-25 03:30:00,BV1urgi67EmF,2026-07-26,20.5,0.8541666666666666
爽吃,官梁和平精英,网络游戏,838204,55376,648,195,70350,4288,1478,62,2026-07-25 05:01:18,BV1aE3u63Epn,2026-07-26,18.97833333333333,0.7907638888888888
探秘车八岭 深入广东的大山里都会遇到哪些奇遇？,ZGL蛇语者,野生动物,128179,17851,377,772,1492,1228,239,801,2026-07-25 10:50:00,BV1dg3u62EnX,2026-07-26,13.166666666666666,0.548611111111111
瞬间可跨全Y轴X轴，这水门是个金丝猴啊,うえすぎ绘梨衣,手机游戏,576906,34441,1634,354,6988,1765,2786,233,2026-07-25 00:18:00,BV1kcgz63EVz,2026-07-26,23.7,0.9874999999999999
XDD扫水友号单三17杀 A大当机枪暴力扫全图 这辈子没杀过这么多人 原来不管战损能打这么爽啊！,小叮当频道,网络游戏,223915,4408,1172,1450,579,613,711,975,2026-07-25 19:42:35,BV1HC3V66EvE,2026-07-26,4.290277777777778,0.1787615740740741
内娱有自己的斧头帮女团！电影《功夫女足》插曲《Metal Flower》首舞台20260725杭州演唱会,红豆冰-M0822,明星综合,144005,5801,1389,1533,2241,5326,1051,274,2026-07-25 14:16:17,BV1oh3G6fE2v,2026-07-26,9.72861111111111,0.4053587962962963
整蛊朋友是最不嫌累的,周周啊,搞笑,1095325,20807,242,282,10978,583,395,96,2026-07-25 05:12:47,BV1qT3u6UEiv,2026-07-26,18.786944444444444,0.7827893518518518
我吃遍了上海所有等級的米其林中餐，最後一家大開眼界！,丹牛食走起,美食侦探,239821,8597,470,1579,2648,2070,964,1006,2026-07-25 03:00:00,BV15mgy6LExz,2026-07-26,21.0,0.875
当我找人把ktv塞进了车里……,中国BOY超级大猩猩,搞笑,175903,14835,328,620,2056,3536,129,741,2026-07-25 09:45:00,BV1zygv6xENP,2026-07-26,14.25,0.59375
【散人】悬疑解谜 旧电脑暗藏恐怖病毒？ 《桌面探索者》P1,逍遥散人,单机游戏,275583,38894,279,1039,8919,3836,315,7340,2026-07-25 04:00:00,BV1w93K6DE4q,2026-07-26,20.0,0.8333333333333334
捞女诬告？网红惨死？讽刺现实社会的国产佳作！,火焰三黄鸡ao,单机游戏,97613,5670,18,115,1711,1059,28,277,2026-07-25 11:53:50,BV1bK3g6uEFE,2026-07-26,12.102777777777778,0.5042824074074074
200年前新疆的中心，竟然在这里？,期末77,出行,192414,9130,465,1673,2887,4709,930,2231,2026-07-25 09:02:53,BV1tF3M6vEoq,2026-07-26,14.951944444444445,0.6229976851851852
猪圈楼上睡人，这里原始到不敢信，却有上百位网红，粉丝超千万！！！,逃离计划PlanB,出行,296464,9469,396,728,4023,2126,659,2715,2026-07-25 04:10:00,BV1hJgv6kET4,2026-07-26,19.833333333333332,0.8263888888888888
王半仙：超出我能力范围了,应激兄弟1,日常,818800,56953,411,372,6775,581,241,56,2026-07-25 05:00:00,BV176gY6HEJy,2026-07-26,19.0,0.7916666666666666
《怪物猎人：荒野》为何口碑崩塌？运营鬼才卡普空究竟做错了哪些事？,缪尚咖啡馆,单机游戏,242200,12065,1932,2198,3894,6553,1659,1427,2026-07-25 08:30:00,BV1tx3u6iEBN,2026-07-26,15.5,0.6458333333333334
欧洲女生第一次来到美国， 这才是真实的美国梦？,马佳PopMatta,出行,212530,18450,844,1342,1650,1055,410,351,2026-07-25 09:00:00,BV1xh3u6AECv,2026-07-26,15.0,0.625
【苏新皓Focus｜《囍》】白衣抚琴 执剑赴悲｜教科书级国风solo /梦寐以求·演唱会Day1,Su_Heart苏新皓,明星综合,67757,8533,13394,7798,5043,9544,1034,320,2026-07-25 19:50:51,BV1H13V6uEoA,2026-07-26,4.1525,0.17302083333333332
减脂第142天：最后阶段了，眼里只有食物完全不想说话了,努力的橙子薄肌,健身,196727,19002,434,269,755,542,392,269,2026-07-25 10:09:58,BV1ZM336dEqN,2026-07-26,13.83388888888889,0.576412037037037
文化革命  伊朗·1980,小约翰可汗,人文历史,485319,17469,1392,1106,6181,7399,2077,2318,2026-07-25 03:00:00,BV1d6gh6kEQP,2026-07-26,21.0,0.875
无无？干员名bug,账号已注销1171983488,手机游戏,506628,25209,4408,4037,1729,577,442,28,2026-07-25 19:44:16,BV1WC3V66EMF,2026-07-26,4.262222222222222,0.1775925925925926
特效雍贵的侠隐水门来了！简单氪10个648抽取五星侠隐水门实战测评！战力再解放！,鬼叔黍,手机游戏,477303,29131,776,658,3488,4526,1338,785,2026-07-25 10:52:51,BV1rp3g6tEc8,2026-07-26,13.119166666666667,0.5466319444444444
【苏新皓】囍 solo直拍 梦寐以求青岛演唱会,Renaissance苏新皓,明星综合,119048,18779,37474,24202,10185,18318,5922,202,2026-07-25 13:23:20,BV15Q3u6UEfW,2026-07-26,10.61111111111111,0.4421296296296296
熵增定律的根源，竟然是数学结构！！全面深度科普邓煜的菲尔兹奖成果。什么是狭义的希尔伯特第6问题？熵增，是怎么从数学结构里自己生长出来的？熵为什么只增不减？,道可道Science-硬核科普,科学科普,218924,8934,1142,692,6958,2135,1283,700,2026-07-25 12:34:35,BV1Kg3g6iEU6,2026-07-26,11.42361111111111,0.4759837962962963
你从车上摔下来的那一刻，我心都碎了,梵葵葵,特摄,639450,68555,1041,139,9192,640,3835,10,2026-07-25 08:34:08,BV1gd3T6ME8g,2026-07-26,15.431111111111111,0.642962962962963
小鬼当家智斗爱斯贼小偷,看动漫的KV,影视剪辑,452154,31780,490,582,22494,3039,1406,361,2026-07-25 03:22:28,BV1Zw3T65EdK,2026-07-26,20.625555555555554,0.8593981481481481
我从KK园区跑出来了!!!,哦_俊杰,出行,196518,6004,376,281,2066,655,512,3422,2026-07-25 03:00:00,BV1vcgh6uEky,2026-07-26,21.0,0.875
人类幼崽开机使用说明书,蕾蕾蕾杨,亲子,142890,17442,416,409,4930,784,3378,198,2026-07-25 02:58:53,BV12y3K6oEYY,2026-07-26,21.01861111111111,0.8757754629629629
54张！阿萨拉卡牌！我买到了三角洲行动的扑克牌！！！,乔治乔治君,野生技能协会,390185,21718,413,764,7879,1111,163,168,2026-07-25 10:00:00,BV1U6ge6uEtM,2026-07-26,14.0,0.5833333333333334
和MC脑叶公司作者一起玩,籽岷,单机游戏,300198,29515,1154,1280,10848,7097,5264,2585,2026-07-25 03:11:54,BV17F3T62EHH,2026-07-26,20.801666666666666,0.866736111111111
终于把这40秒动画做好了……（完结撒花),柔树特效,绘画,99930,36081,434,71,10774,3945,1376,41,2026-07-25 01:42:27,BV1eK3T6rECf,2026-07-26,22.2925,0.9288541666666666
2026年的国产长剧完蛋了！没有最烂，只有下一部更烂！,女编剧就要写女主角,影视杂谈,178143,8845,530,768,1469,1815,124,1485,2026-07-25 13:00:00,BV1Um3g6gEeE,2026-07-26,11.0,0.4583333333333333
谁同意了,老子名字深蓝,手机游戏,310126,21865,420,151,1315,829,131,126,2026-07-25 09:06:28,BV1NM3M6FEu8,2026-07-26,14.892222222222221,0.6205092592592593
明日方舟 x 女神异闻录3 Reload 联动前瞻预告,明日方舟,手机游戏,1196438,76973,13975,5097,11244,15561,56234,32,2026-07-25 12:20:00,BV1Ag3M6ZESL,2026-07-26,11.666666666666666,0.4861111111111111
我看了《蜘蛛侠4》开头，挺好看的！,BuriedAlien,影视杂谈,358568,16491,2070,1246,2360,1464,2504,387,2026-07-25 12:45:00,BV1ET336tEr7,2026-07-26,11.25,0.46875
【星穹铁道】归寂：姬子，你不会是在坑爹吧！,一万根韭菜,同人·手书,368638,41935,584,642,9505,4098,651,231,2026-07-25 09:30:00,BV1cL3M6sEaS,2026-07-26,14.5,0.6041666666666666
国外声乐老师大实话锐评《歌手2026》第10期 REACTION｜张远 齐豫 胡彦斌 魏如萱 尤长靖 窦靖童 万妮达 艾略特 凡希亚,JKAI杰凯,乐评盘点,246885,5195,413,5890,547,1171,77,6828,2026-07-25 04:00:00,BV17F3T62EfN,2026-07-26,20.0,0.8333333333333334
《时之铃》首曝 | 世界观PV，欢迎来到这个混乱的世界！,时之铃,手机游戏,1645038,13428,955,372,8100,879,864,182,2026-07-25 02:00:00,BV11egx63EJi,2026-07-26,22.0,0.9166666666666666
仙弹SVCH！绝航要笑着玩！贱徐三角洲,贱徐,网络游戏,229454,8628,574,259,619,666,152,296,2026-07-25 13:36:22,BV15R3u62EVV,2026-07-26,10.393888888888888,0.43307870370370366
终于，我把男友的前女友们凑到了一个桌上...,妍妍酱的一天,日常,284484,8192,768,3038,2781,3878,1407,4588,2026-07-25 04:44:50,BV1XY3K6PEGF,2026-07-26,19.252777777777776,0.802199074074074
淘汰赛全员大招!!ice bridge现场是真的猛!!ranzer大哥你终于正常了!shark对了 再见了vava李斯丹妮!!【艾德宝陪您巅峰2026第五期上】,ADBABY打你屁屁,乐评盘点,292809,5337,1406,5399,1217,1401,145,2366,2026-07-25 13:15:08,BV1rr3u6xE5n,2026-07-26,10.747777777777777,0.44782407407407404
中 国 妹 妹 来 袭,真红莉爱Official,同人·手书,354824,39712,1667,428,4911,1725,812,119,2026-07-25 04:00:00,BV1cpgB6MEVK,2026-07-26,20.0,0.8333333333333334
EP02 啊吗粽X刘旸教主：爱赢之战一触即发 ｜ 死肌肉大挑战！,刘旸教主,科学科普,593275,21620,678,2998,5166,7863,680,2425,2026-07-25 04:00:00,BV1rXga6pEzF,2026-07-26,20.0,0.8333333333333334
星空夜谈 EDG ZmjjKK X 盛宇D-SHINE【视频播客丨爆能无声 EP7 】,无畏契约电竞,电子竞技,525552,25078,1451,4089,8105,11507,3082,2517,2026-07-25 06:00:00,BV1eS3T6GE9H,2026-07-26,18.0,0.75
积分掠夺！圣枪哥再遭替补，Hoya加盟BLG行不行？DK实力倒退六年，重回DWG的时光【赛事周刊】,LOL丶诺诺,电子竞技,208881,5616,1493,1200,1099,575,57,770,2026-07-25 10:55:29,BV1fp3g64E2F,2026-07-26,13.075277777777778,0.5448032407407407
“我不哭泣，我来自伊比利亚。”,_逻各斯,单机游戏,142628,13193,444,622,5081,7593,362,1207,2026-07-25 03:30:00,BV13ogv67EMg,2026-07-26,20.5,0.8541666666666666
低山臭水遇知音...,全险半挂炉,手机游戏,278216,15076,202,238,1934,792,269,223,2026-07-25 06:35:35,BV1Bc3u6XE9V,2026-07-26,17.406944444444445,0.7252893518518518
带南方朋友逛吃西安早市，30块钱俩人吃饱，辣子多放吃得挺美,君在西安,美食侦探,239328,10133,499,660,1371,949,374,1231,2026-07-25 04:41:29,BV1hY3K6NEjo,2026-07-26,19.308611111111112,0.804525462962963
锐评IG战胜WBG：Theshy神了！回归首秀就在游龙！,喵仙人ovo,电子竞技,396544,8390,2638,1566,627,551,286,367,2026-07-25 14:09:34,BV1f83G6hEWz,2026-07-26,9.840555555555556,0.41002314814814816
欢迎回归！IG 2-1 WBG 赛后数据雷达图+虎扑评分丨LPL第三赛段,苦练李香兰,电子竞技,344433,7544,2682,860,516,622,318,214,2026-07-25 12:05:29,BV1Go3u6LEyB,2026-07-26,11.908611111111112,0.49619212962962966
⚡大 师 兄 说 的 对⚡,暂离二度,人力VOCALOID,351210,29136,378,89,3664,1933,1568,69,2026-07-25 04:10:00,BV1iW3K63EF2,2026-07-26,19.833333333333332,0.8263888888888888
【十字军之王3】流浪大唐 第六期（下下）【完结】,菠萝柚王子,单机游戏,128057,13407,924,1700,2999,11102,233,1856,2026-07-25 11:06:01,BV1Qr3g65EBc,2026-07-26,12.899722222222222,0.5374884259259259
两个人演的不知天地为何物了…,陈嘉伦整个路人,搞笑,307485,14033,600,620,2759,570,579,298,2026-07-25 10:00:00,BV1Tz3K6cEQZ,2026-07-26,14.0,0.5833333333333334
改画哪有不疯的！（第25期）,哲哲哲同学,绘画,129379,16157,274,252,1461,556,136,143,2026-07-25 10:32:19,BV1Zb3g6pEia,2026-07-26,13.461388888888889,0.5608912037037037
【午餐盒子】地 爆 天 猩,五盒ll十箱,电子竞技,146295,11677,154,419,906,933,540,483,2026-07-25 03:45:00,BV1693K6SE6q,2026-07-26,20.25,0.84375
末 影 人 偷 小 孩,不风采的琴,MMD·3D,513317,26834,356,168,13045,2110,124,181,2026-07-25 09:05:00,BV1J8gh6JEZp,2026-07-26,14.916666666666666,0.6215277777777778
其实微软当年也想用正斜杠,Isword先生,计算机技术,102912,7135,471,293,2215,1636,559,246,2026-07-25 10:30:00,BV1263K6bEyM,2026-07-26,13.5,0.5625
请停留3秒  献上一朵花，“阿凡提”扮演者吐依贡去世，享年80岁  当年影片火遍全国，一代人童年回忆永久定格,红星视频,热点,199046,60456,297,1783,3458,1169,331,36,2026-07-25 13:05:48,BV1Ce3u6cEVT,2026-07-26,10.903333333333334,0.4543055555555556
鸣潮×广东歌舞剧院 | 合作舞蹈《玄翎谣》,鸣潮,手机游戏,603575,57850,4678,600,9961,26769,4711,178,2026-07-25 04:00:00,BV1rvgY69ELE,2026-07-26,20.0,0.8333333333333334
【唐唐】深度解析伪纪录片《被诅咒的大家庭》细思极恐才有意思！,Big笑工坊,影视杂谈,199937,9402,318,299,3027,1434,142,830,2026-07-25 04:20:00,BV1v23T65Ezf,2026-07-26,19.666666666666668,0.8194444444444445
2026年小学生最爱的歌！这谁能绷住啊？！！！,棉白有点笨,搞笑,90746,8416,524,1152,1635,1433,211,350,2026-07-25 01:49:07,BV1iK3T6rEWc,2026-07-26,22.18138888888889,0.9242245370370371
以前流浪废弃房吃苦，现在空调房享福，每天大鱼大肉。,浪仔小牛,日常,166948,7657,434,1011,590,3284,172,913,2026-07-25 12:52:09,BV1sV3g6eEHv,2026-07-26,11.130833333333333,0.4637847222222222
流 萤：吃 的 最 好 的 一 集,云耀yoke,单机游戏,260594,9459,338,1109,2636,752,76,1715,2026-07-25 23:05:00,BV1gd3T6MEzf,2026-07-26,0.9166666666666666,0.03819444444444444
冷战奇迹：“曾试图对抗猛禽的红色雄鹰，米格王朝孤注一掷的绝唱之作，却仅仅两次飞行便画上时代句号！”,Empire胡汉斯,人文历史,302435,28455,1214,1019,7814,3608,494,713,2026-07-25 06:07:47,BV1yS3M6cE1P,2026-07-26,17.870277777777776,0.7445949074074073
陈岩石为何风评被害？大风厂背后有多少博弈？从大明王朝视角打开《人民的名义》04,一条闲木鱼,影视杂谈,462120,16566,1604,1539,3745,5360,221,2067,2026-07-25 03:05:00,BV1Rhge6LEKf,2026-07-26,20.916666666666668,0.8715277777777778
赞美吧！绝对学权露西亚大人 (feat.ななひら) │ ZZZ HoYoFair,ファル公,同人·手书,80609,13134,520,336,6617,6485,1661,242,2026-07-25 14:32:27,BV1c43G6YEwV,2026-07-26,9.459166666666667,0.39413194444444444
《传教士》第3期：六翼天使追杀令，传教士归还“创世”【墨菲】,绝命墨菲,影视杂谈,181703,18726,285,1378,3427,8698,98,2584,2026-07-25 11:30:00,BV1Xh3K6vEmW,2026-07-26,12.5,0.5208333333333334
这支舞，我只跳给你一个人看。,柯洁,影视剪辑,964474,108561,4313,922,2389,2286,3685,15,2026-07-25 04:18:21,BV1Si3K6wEHz,2026-07-26,19.694166666666668,0.8205902777777778
诺兰有多恶劣？剪掉蝙蝠侠耳朵、盗用镜头、私吞经费？【好莱坞往事01-诺兰篇】,迪普_official,影视杂谈,391556,14113,593,959,3953,1024,925,643,2026-07-25 02:00:00,BV19agi6pEfE,2026-07-26,22.0,0.9166666666666666
全随机上段#37,赵小天咯,手机游戏,293022,19129,541,1807,3096,3084,158,973,2026-07-25 10:05:00,BV1yQgi6zEG3,2026-07-26,13.916666666666666,0.579861111111111
【万字解析】百元剃须刀直接干翻千元档？买对不买贵！全价位电动剃须刀测评推荐，舒适、效率全都要！刮胡刀/旋转式剃须刀 /往复式剃须刀/飞利浦/有色/飞科/松下,电动剃须刀推荐,数码,83328,1653,116,169,1298,2080,239,730,2026-07-25 09:00:00,BV1HGge6bEDX,2026-07-26,15.0,0.625
🤪“鲁鲁爱情物语”😍,沙雕Sanscul,影视剪辑,247393,18591,475,768,6354,3048,500,486,2026-07-25 05:49:32,BV1DJ3u66EBr,2026-07-26,18.174444444444443,0.7572685185185185
拯救同桌于戒网瘾学校……,小橙猫me,音乐综合,142059,15509,401,448,5360,656,158,248,2026-07-25 09:30:00,BV1ds3K6zEyq,2026-07-26,14.5,0.6041666666666666
【传奇锻刀王】🔪请你任选三种小料制作西瓜砍刀🔧然后进入决赛做出绝世宝剑⚔️,-超级小能猫-,搞笑,288602,20582,424,1581,4288,2017,226,1203,2026-07-25 09:00:00,BV1Mw3M6PENd,2026-07-26,15.0,0.625
咒术转盘71:依旧神人云集，依旧受肉重生者,毓彧庾,日常,164524,20865,2382,3859,3365,2578,377,1090,2026-07-25 16:04:37,BV1Pj3G6gESr,2026-07-26,7.923055555555556,0.33012731481481483
傲慢之罪,91坤崽,日常,615686,19140,125,135,9393,888,95,118,2026-07-25 06:30:29,BV1223M6AE9f,2026-07-26,17.491944444444446,0.7288310185185186
【崩坏星穹铁道】动画——启行于寂灭之中,-麦粒太太-Ver-,同人·手书,127849,32529,353,50,7852,6110,569,42,2026-07-25 07:00:00,BV1BK3u6JEpY,2026-07-26,17.0,0.7083333333333334
球 球 大 战,敲萌豹风党,单机游戏,865001,67901,1186,1421,18217,2035,1446,71,2026-07-25 01:25:00,BV1wEgi6AEcB,2026-07-26,22.583333333333332,0.9409722222222222
景德镇申遗成功，如何“打怪升级”？,小Q不是导盲犬,社科·法律·心理,258786,17743,863,408,1978,868,429,701,2026-07-25 07:34:13,BV1Rb3M6yEQN,2026-07-26,16.42972222222222,0.6845717592592592
【自制动画】要来杯咖啡么？,_Chi7_,绘画,120415,49502,349,42,14049,6019,843,14,2026-07-25 10:00:00,BV1FH3M6nE3z,2026-07-26,14.0,0.5833333333333334
诸葛亮：空城计？空蓝计！,木下结草,手机游戏,359918,15494,120,279,1721,2123,296,98,2026-07-25 06:06:51,BV1C93M6tEV9,2026-07-26,17.885833333333334,0.7452430555555556
星铁×Fate深度考据，世界观底层逻辑致敬！这才是联动的意义：4.4补全了Fate里的遗憾,Jerryprpr,手机游戏,227032,24358,1269,876,5103,1126,422,1116,2026-07-25 10:06:57,BV1EM336oEMx,2026-07-26,13.884166666666667,0.5785069444444445
一直在试探打破第四面墙的农场致郁游戏,拧不动啊真拧不动,单机游戏,347077,14531,186,537,6756,984,153,1199,2026-07-25 08:47:35,BV1hf3T6KEjk,2026-07-26,15.206944444444444,0.6336226851851852
拿着鸡毛当令箭，岳父考察就是欠！,招财喵剧组,短片,484601,37788,298,267,1425,1879,247,157,2026-07-25 03:05:00,BV1Qvge6kEAi,2026-07-26,20.916666666666668,0.8715277777777778
这是一副可以撕开的画,叶无趣,绘画,717926,37509,247,152,4924,856,435,93,2026-07-25 11:00:00,BV16Z3M6RE4D,2026-07-26,13.0,0.5416666666666666
【版本解读】爆冷时代？经济至上导致的百花齐放，或许当下史上最好看的LOL赛事版本？,圆某人和四某人,电子竞技,226780,7355,1376,793,1737,1482,344,1114,2026-07-25 12:45:45,BV1wE3g6cET9,2026-07-26,11.2375,0.4682291666666667
极致的暴力美学！勒布朗·詹姆斯生涯扣篮混剪,不会剪辑的果子君,篮球,177346,13642,1860,677,2738,5079,927,298,2026-07-25 12:40:59,BV1WV3g6eEh1,2026-07-26,11.316944444444445,0.47153935185185186
沉浸式护理神秘山海经冰系神兽幼崽,神兽护理院,搞笑,215740,18019,200,400,1679,543,146,106,2026-07-25 10:24:00,BV1wA336cEj3,2026-07-26,13.6,0.5666666666666667
水煎肉类指南：牛肋条/猪五花/鸡翅/香肠,杨光_建厨师,美食制作,240481,9683,600,187,9654,1831,1185,205,2026-07-25 09:05:00,BV1S63M6TE79,2026-07-26,14.916666666666666,0.6215277777777778
我拉着我的主人去集市卖我,-维C动物园-,野生动物,198668,26960,604,551,3691,3991,470,441,2026-07-25 09:59:29,BV1wR3M6ZEs7,2026-07-26,14.008611111111112,0.5836921296296297
【萌黄一槽】金钟罩，木龙盘！千手柱间[侠隐江湖]全技能爆料！,火影忍者手游情报君,手机游戏,1799715,87278,11091,12757,15019,6697,49066,440,2026-07-25 10:00:00,BV1Rg3u62E1d,2026-07-26,14.0,0.5833333333333334
《明日方舟》SideStory「直到大地变成一颗酸橙」活动宣传PV,明日方舟,手机游戏,2016173,81456,7385,6248,12890,19454,9322,452,2026-07-25 11:45:00,BV1bf3T6KE2e,2026-07-26,12.25,0.5104166666666666
年度神剧！凶手为120块狂杀4人，逃亡22年后竟成了文协作家！真实案件改编《悬案》第二案P1,谁是阿WAI,影视杂谈,493191,28539,230,457,5230,640,169,1714,2026-07-25 13:25:07,BV1Ek3u6REHG,2026-07-26,10.581388888888888,0.44089120370370366
OneRepublic:他当时不知道，本尊就在身后…,Real_OneRepublic,音乐现场,342777,34343,344,140,3722,1366,218,179,2026-07-25 08:12:00,BV1Qe3M63Emq,2026-07-26,15.8,0.6583333333333333
那天新艾利都的咖啡厅来了个天才！！法厄同与奇妙咖啡~~~,学长18号,手机游戏,526141,66070,933,418,10631,2713,6108,88,2026-07-25 23:30:00,BV1ej336nEPb,2026-07-26,0.5,0.020833333333333332
【re0/傲慢if】像个笨蛋一样  【bilibilionly同人扶持计划】,-藏卜-,同人·手书,469996,102931,1267,155,40259,22978,3914,33,2026-07-25 12:08:34,BV1hF3g6VEVD,2026-07-26,11.857222222222223,0.494050925925926
万一真爱呢？司马懿未必有良子女友能忍！【网络狠人109】,喵喵即正义,日常,1025554,46332,1786,1449,5542,1138,3092,387,2026-07-25 03:40:11,BV16o3K6mEhw,2026-07-26,20.330277777777777,0.8470949074074073
东北人吃到美食belike （喵小乐配音）,喵小乐是喵喵,配音,1244973,213171,9797,7626,62045,14393,29549,37,2026-07-25 08:58:50,BV1Hj3M69EFK,2026-07-26,15.019444444444444,0.6258101851851852
贫民窟vs顶级海景别墅，美国居住环境差距有多大？,杰克小兔,出行,447179,22226,817,2379,5423,6711,1028,1632,2026-07-25 10:00:00,BV1Zp3M6UEvT,2026-07-26,14.0,0.5833333333333334
女网红惨遭男友PUA？！分手后能找到新男友吗？【二次元脱单日记】,视角姬,汽车生活,865892,25665,2116,2261,8261,1915,1298,857,2026-07-25 04:00:00,BV1HZge6ZEck,2026-07-26,20.0,0.8333333333333334
选一辆车，决定你接下来的旅途,麒麟光谱,汽车生活,904403,46063,916,4041,17350,6540,1054,671,2026-07-25 11:21:51,BV1Sk3g6CEzr,2026-07-26,12.635833333333334,0.5264930555555556
你遇到的客人可能不是人类！请随时准备开枪！午夜轮班！,与山0v0,单机游戏,1046898,50883,1197,11029,25674,13248,1281,12258,2026-07-25 02:23:08,BV1DE3T6YEuA,2026-07-26,21.614444444444445,0.9006018518518518
キャンディークッキーチョコレート🍭🍪🍫初音ミク・重音テトSV【官方投稿】,はろけるHalloCel,VOCALOID·UTAU,619188,110374,6068,3612,45248,24373,2904,169,2026-07-25 00:40:00,BV1MAgi6VEio,2026-07-26,23.333333333333332,0.9722222222222222
为什么穿越到一战问士兵这是二战吗会让人绷不住？,我捞捞捞,影视杂谈,1325875,43878,1505,665,10075,756,225,1563,2026-07-25 08:00:00,BV1GoKk6dEp4,2026-07-26,16.0,0.6666666666666666
下楼就是玩,脱缰凯Kk,小剧场,871516,83364,1624,1622,7860,2784,712,218,2026-07-25 10:46:39,BV15a3g6HEm1,2026-07-26,13.2225,0.5509375
百佩创业记,无我漂佩MY,日常,1216862,79565,1001,1564,14573,4985,1217,175,2026-07-25 09:33:46,BV1ko3g6PERc,2026-07-26,14.437222222222223,0.601550925925926
移民对欧洲的反噬！18岁意大利女孩被非法移民做成“人彘”，引发政策大变动！,挖沟连彭沟长,社科·法律·心理,701024,24431,1749,2642,5383,798,753,520,2026-07-25 02:00:00,BV1vmgY61E77,2026-07-26,22.0,0.9166666666666666
这铃妹一看就知道很健康,小天涯w,颜值·网红舞,397048,86620,1550,124,40049,2430,1450,15,2026-07-25 06:00:00,BV1b4gq61E4U,2026-07-26,18.0,0.75
对华为半导体首席科学家廖恒的5小时访谈：一部昇腾史、18层宝塔与全球芯片恢弘30年史诗| B站 x WAIC AI会客厅,张小珺商业访谈录,计算机技术,373796,7931,1904,841,6968,2550,1686,16672,2026-07-25 13:19:38,BV1nB3u6tERu,2026-07-26,10.672777777777778,0.4446990740740741
我的家里……有一只凑企鹅,小陈的脚凑凑的,日常,336590,37968,623,232,4670,1550,1357,193,2026-07-25 10:00:00,BV11Sge6AE4D,2026-07-26,14.0,0.5833333333333334
佐助，忍界为数不多的没被霸之意志侵蚀之人,榆木混珠,手机游戏,483496,27719,1761,933,5260,2193,1959,606,2026-07-25 00:34:17,BV1ph3T6sEwH,2026-07-26,23.42861111111111,0.9761921296296295
你喜欢怎么样的我？,ENX叉叉酱,同人·手书,321096,59550,1998,325,9179,3375,1613,130,2026-07-25 11:00:00,BV1123M6AEdY,2026-07-26,13.0,0.5416666666666666
《明日方舟》2026夏日嘉年华特别通讯视频,明日方舟,手机游戏,1345900,59711,8838,13977,8636,14094,6317,3090,2026-07-25 12:25:00,BV1o43g69E9z,2026-07-26,11.583333333333334,0.4826388888888889
没一点想看的欲望？胆量不详？笑料一筐！周笔畅满身大汉？笑到没空害怕《密室大逃脱8》,噬元兽影视,影视杂谈,627457,33160,592,635,5159,766,1213,707,2026-07-25 11:53:06,BV1TK3g6uECk,2026-07-26,12.115,0.5047916666666666
真正想赢的人 在赢之前是不会笑的,乐崽-中辅,GMV,792776,35154,1008,162,3740,1383,246,149,2026-07-25 02:16:54,BV1xx3T6ZEGF,2026-07-26,21.718333333333334,0.9049305555555556
杀人灭口，东躲西藏！二十年前连环杀人的悬案，算导的隐藏细节太夸张了！万字细嗦《悬案》第二案（P3）,不善言辞的秃秃,影视杂谈,399626,16253,393,1205,4189,11679,348,1783,2026-07-25 12:12:43,BV1Sc3g6kEfY,2026-07-26,11.788055555555555,0.49116898148148147
末日高架桥，我们被困了100天！P5,马里奥红叔,单机游戏,742489,102563,1647,9615,27341,52334,705,1364,2026-07-25 03:00:00,BV17ygv6xEPr,2026-07-26,21.0,0.875
万税爷又出捞钱小妙招，总统推文付费抢先看？,麻薯波比呀,社科·法律·心理,775783,51658,1382,1458,6519,5867,543,922,2026-07-25 09:59:43,BV1EN336fEB9,2026-07-26,14.004722222222222,0.5835300925925926
大 周 礼 时 代(13),诸葛皮皮9527,小剧场,624940,85152,1731,1739,10826,4455,1074,101,2026-07-25 09:00:00,BV1aLgv6LEHN,2026-07-26,15.0,0.625
又一全网吹捧的“有钱人文案”，炸出了多少爱装的“少爷公主”,小椰子专栏,社科·法律·心理,2081507,32429,2042,808,11415,1688,363,337,2026-07-25 08:55:00,BV1esgr6YEge,2026-07-26,15.083333333333334,0.6284722222222222
《明日方舟》SideStory「直到大地变成一颗酸橙」活动先导PV,明日方舟,手机游戏,1775568,90494,6178,3973,14352,18081,8954,151,2026-07-25 11:40:00,BV1KN3M6wEm9,2026-07-26,12.333333333333334,0.513888888888889
世子之争向来如此,李万基fit,搞笑,643285,39275,720,1286,1477,1128,377,233,2026-07-25 09:00:00,BV1LygY6mETr,2026-07-26,15.0,0.625
⚡逆转的毕业照⚡,张少_帝者戰神,鬼畜剧场,192509,20218,457,230,5038,660,2419,241,2026-07-25 09:23:15,BV1193g6KE9F,2026-07-26,14.6125,0.6088541666666667
“ 五 区 兄 弟 驾 到 ”,MJ小林大人嗷,GMV,1045301,65912,2454,1570,11990,4539,3060,276,2026-07-25 02:30:00,BV1FXga6WE9G,2026-07-26,21.5,0.8958333333333334
大庆赶海，大海退潮后发现大个的竹节蛏眼，撒上一点盐往外跑,大庆赶海,田园美食,3315314,46196,342,768,10036,925,242,385,2026-07-25 08:59:30,BV1wj3M69EuL,2026-07-26,15.008333333333333,0.6253472222222222
⚡️异 域 狗 叫 ⚡️,哦呼w,鬼畜调教,1090518,120515,4778,1102,25534,20861,10859,162,2026-07-25 07:07:34,BV1ox3M62EfK,2026-07-26,16.87388888888889,0.7030787037037037
这挑战迪迦干完都亮红灯走的,李炮炮儿,搞笑,1829296,165589,3822,1464,9552,6584,2365,236,2026-07-25 07:57:36,BV1t63M6KEyP,2026-07-26,16.04,0.6683333333333333
Tiny Giant (Remix) | Zenless Zone Zero,-阿洋Yoko-,同人·手书,433829,94779,1274,479,30021,29751,4011,176,2026-07-25 15:00:00,BV1Ep3M6SEiC,2026-07-26,9.0,0.375
昭和金曲《マジか！》Papi酱《生气了》日文版,吉事堡,音乐综合,1023427,49549,2079,1079,12624,14580,13733,184,2026-07-25 10:00:00,BV1Rt3M6LEvH,2026-07-26,14.0,0.5833333333333334
消耗40亿token，我做了个AI军官监督我学习,叛逆蓝牙,单机游戏,312490,27076,641,74,15309,1170,3636,115,2026-07-25 07:23:20,BV1fJ3M6DELF,2026-07-26,16.61111111111111,0.6921296296296297
我是律师，请用当事人的语气让我破防17.0,小草律师呀,社科·法律·心理,3315258,164245,1143,355,5598,1057,1314,47,2026-07-25 09:11:06,BV1NK3M6hEhJ,2026-07-26,14.815,0.6172916666666667
我从地狱归来,杨齐家_,单机游戏,1950905,113287,2976,9823,18880,10278,1061,891,2026-07-25 08:21:20,BV1uF3M6vE8T,2026-07-26,15.644444444444444,0.6518518518518518
希望胖东来开到外省的举个手！,_张天琪,日常,1203530,50853,1340,563,7120,1138,1032,178,2026-07-25 11:00:00,BV1op3M6UEkF,2026-07-26,13.0,0.5416666666666666
胖龙给儿子报补习班，一算补习费吓一跳，威胁他再不好好学就办退学,胖龙的小生活,美食记录,599641,11952,1735,669,1828,985,168,250,2026-07-25 10:22:10,BV1PZ3g6eEL9,2026-07-26,13.630555555555556,0.5679398148148148
极客湾手机续航大横评：电池锁容？电量缩水？谁在浑水摸鱼？,极客湾Geekerwan,数码,1610925,260040,29303,37420,82720,323227,45493,2327,2026-07-25 17:09:24,BV1LR336sEFX,2026-07-26,6.843333333333334,0.2851388888888889
自己吓自己～,王七叶-,搞笑,2716613,114471,2591,947,6932,1383,1571,80,2026-07-25 10:49:38,BV1fp3g64Ezb,2026-07-26,13.172777777777778,0.5488657407407408
【TF家族练习生】《突围II破局》EP05：你的位置，决定了你有多少选择（上）,TF家族,明星综合,1756104,68549,8415,1932364,23281,7637,1592,4128,2026-07-25 11:00:00,BV1Zp3M6UEgS,2026-07-26,13.0,0.5416666666666666
别人说倒装句！广西人讲乱装句！这谁能听懂啊！😵,烛不遥,综合,769845,28908,3396,1281,3408,1127,2807,186,2026-07-25 13:23:15,BV1Ek3u6RECC,2026-07-26,10.6125,0.4421875
【朱志鑫】DAY-1 原创SOLO「Do All Swag」4K直拍｜登陆少年梦寐以求演唱会,帆_朱志鑫,娱乐粉丝创作,218778,22113,5412,11337,16583,22996,9132,196,2026-07-25 16:41:52,BV12v336MEVJ,2026-07-26,7.302222222222222,0.3042592592592593
躲在航天核心区捡垃圾的两人【三角洲动画】,手折余弦丶,电子竞技,1349828,90316,2154,1391,19819,8113,3255,336,2026-07-25 03:00:00,BV1kwgz66Ekd,2026-07-26,21.0,0.875
班赛就是我的舞台，我就是主角！,卷毛懂个球,篮球,912812,42271,1193,793,1990,991,1351,193,2026-07-25 08:14:55,BV1Qv3M66E7E,2026-07-26,15.751388888888888,0.6563078703703703
《明日方舟》EP - 酸橙色信笺,明日方舟,手机游戏,1460821,159296,26872,12594,68306,109827,30094,242,2026-07-25 12:57:41,BV1nB3u6tEHD,2026-07-26,11.038611111111111,0.4599421296296296
致富经：村民养殖大狗，发展狗叫经济,咪克菌,搞笑,1289318,41307,1611,855,7581,1609,7399,142,2026-07-25 05:49:54,BV18J3u66EMY,2026-07-26,18.168333333333333,0.7570138888888889
全球最大游轮！造价140亿！到底有多离谱？吃什么？玩什么？,HOLA小测佬,出行,1563930,60694,1353,6095,33873,12857,8278,751,2026-07-25 10:15:00,BV1Rt3K6qEKV,2026-07-26,13.75,0.5729166666666666
“我才是元首！”,自动鬼畜中的WZ,鬼畜调教,933932,185659,3111,5253,53940,18436,4223,83,2026-07-25 04:00:00,BV16Ege6sEWB,2026-07-26,20.0,0.8333333333333334
【4K高燃】中国最帅街道飘移追走大片儿！！！,Upspeed盛嘉成,赛车,740105,16745,731,2318,6247,11336,1982,685,2026-07-25 03:00:00,BV1yyga6ZEMf,2026-07-26,21.0,0.875
满嘴跑火车，左右脑互搏，老实话不多【韩红雷霆发言名场面】,一只吐槽圆,娱乐杂谈,1417038,41980,5927,9851,10824,5945,10607,774,2026-07-25 02:14:50,BV1Nx3T6fEe9,2026-07-26,21.752777777777776,0.9063657407407407
吃完蜂蜜的蜂蜡不要扔！可以自己在家做蜡染,小宇菇菇,手工,348827,32674,144,148,3731,1041,226,160,2026-07-25 07:01:09,BV1HZ3M6dEUF,2026-07-26,16.980833333333333,0.7075347222222222
人在上海出差，收到了上门喂养阿姨的视频，剪了一下还挺好玩,喵君是个大聪明,出行,972422,79710,3253,2522,7198,2776,8989,214,2026-07-25 03:19:08,BV1iA3T6CEs4,2026-07-26,20.68111111111111,0.861712962962963
【2026LPL第三赛段】7月25日 IG vs WBG,哔哩哔哩英雄联盟赛事,电子竞技,1897375,18234,7631,18028,2566,6287,1196,10238,2026-07-25 10:14:58,BV1wF336AEgm,2026-07-26,13.750555555555556,0.5729398148148148
带女友去澳门新葡京，并给她洗脚~~~,三十六贱笑,搞笑,629485,24433,861,1502,4501,2388,2260,299,2026-07-25 03:30:00,BV1ARgi6BE8Q,2026-07-26,20.5,0.8541666666666666
年销2亿粒！从古代皇室黑金到日本“国民蕨饼”垄断超市夏季货架！,大鹏和你看世界美食,美食侦探,2290220,32836,694,1574,7650,1955,376,1030,2026-07-25 11:30:00,BV1cA336cERr,2026-07-26,12.5,0.5208333333333334
《王八汤》（最后一期海龟汤作品）,是许木木啊,日常,945624,114800,8569,14599,27002,28086,4469,570,2026-07-25 09:25:00,BV1Spgv66ETU,2026-07-26,14.583333333333334,0.607638888888889
这才是爱豆该有的国风表现力｜R.E.D尹子璐《千年等一回+风月》巡演杭州限定FOCUS,李哩哩的哩哩,明星综合,517352,20902,6684,6824,5240,7971,2582,308,2026-07-25 16:50:25,BV1LX336dEGT,2026-07-26,7.159722222222222,0.29832175925925924
重生或证道！修仙国产单机《黄天逆途》全新实机演示,黄天逆途,单机游戏,908660,44459,7634,2473,14235,35546,19110,245,2026-07-25 02:00:00,BV1Nkga6cE1g,2026-07-26,22.0,0.9166666666666666
新三国up锐评老三国09：上安朝廷社稷，下谢天下黎民！,吃蛋挞的折棒,影视剪辑,704920,41726,4267,10699,6039,17880,579,1747,2026-07-25 02:00:00,BV1AVgi6iEbh,2026-07-26,22.0,0.9166666666666666
妈妈携神秘亲戚抵达德国，庭院改造正式启动！开工宴做十几道中式大餐！,德国陶渊明,美食记录,307428,21647,779,2720,2430,17139,293,1495,2026-07-25 09:00:00,BV1Jkgq6vEYA,2026-07-26,15.0,0.625
淏,yakeso_,同人·手书,422252,79736,1668,902,10336,11296,1041,161,2026-07-25 04:12:26,BV1oE3K6CE1Q,2026-07-26,19.79277777777778,0.8246990740740742
当你在班级打开一包零食...,多米糯骨嘎,搞笑,585791,61463,2118,284,10769,2115,4263,69,2026-07-25 02:40:25,BV1P23K6xEmz,2026-07-26,21.32638888888889,0.8885995370370371
大能博弈！修仙战争开启！《凡人修仙传》184逐帧解析,利维坦mY,动漫杂谈,463718,34303,3941,2265,2796,11772,525,846,2026-07-25 10:06:10,BV1cL3M6sEYt,2026-07-26,13.897222222222222,0.5790509259259259
【野兽朋友们】幸运大转轮-概率操控3,JJALTOON,同人·手书,442918,36351,470,437,4739,925,617,90,2026-07-25 09:54:14,BV1TU3g66EPh,2026-07-26,14.096111111111112,0.587337962962963
只要我转的快，我也是王者荣耀的高手,磊哥游戏,单机游戏,1078517,84252,2960,978,2813,3981,1133,152,2026-07-25 01:00:00,BV1Umgi6GETh,2026-07-26,23.0,0.9583333333333334
徒步横穿广州100公里，30个小时，目前状态良好！,东尼ookii,出行,476716,30570,1032,2960,6904,17694,1010,1390,2026-07-25 10:45:24,BV1Z43g69Evv,2026-07-26,13.243333333333334,0.5518055555555555
植物大战僵尸恐怖版：疯狂园主（下）,对不起贱笑了,单机游戏,788315,43897,5425,5097,10851,6571,1262,838,2026-07-25 01:45:03,BV1eK3T6rEa2,2026-07-26,22.249166666666667,0.9270486111111111
超神人辉夜姬 第六集,咖啡大慕斯,综合,165771,19049,489,678,5310,1899,1133,654,2026-07-25 12:05:00,BV18k3g6yEW6,2026-07-26,11.916666666666666,0.49652777777777773
惊天签约！老詹联手76人！NBA大结局来了？,业余球探刀先生,篮球,468382,15807,4161,4769,2343,3588,738,928,2026-07-25 14:13:39,BV1rx3G6PEqE,2026-07-26,9.7725,0.40718750000000004
0元刷新桂！无限免费刷新直接搬空商店！看完后赶紧去玩程序员可能明天就修了！,这看缘吧,手机游戏,528170,37174,2091,336,7924,1534,11935,95,2026-07-25 09:33:36,BV1yo3g6PE6C,2026-07-26,14.44,0.6016666666666667
狗头吧新科研，一波团打出队内和谐！！！,破阵子l,电子竞技,449196,23154,777,1421,2861,7498,878,915,2026-07-25 02:00:00,BV1qKgv6HE3H,2026-07-26,22.0,0.9166666666666666
“什么叫难度太高游戏直接报错了？！”,甘泽成谣雨成诗,手机游戏,398836,27868,1434,475,2829,1947,3754,271,2026-07-25 12:28:24,BV1wE3g6cEuU,2026-07-26,11.526666666666667,0.4802777777777778
千万别在梅雨季搞创作,想想工作室,绘画,489986,25635,691,949,5300,6962,577,439,2026-07-25 06:02:01,BV1eG3u6LENs,2026-07-26,17.96638888888889,0.7485995370370371
【真实锐评IG让1追2战胜WBG】不装了我就是theshy电竞 半年没打 回来对线拉满 团战天神下凡！,真实电竞,电子竞技,484349,19393,2836,2414,1282,3529,961,369,2026-07-25 14:09:10,BV1783G6hEoZ,2026-07-26,9.847222222222221,0.4103009259259259
新手做饭，放调味料有什么讲究？,咕噜耄,校园学习,451183,70834,509,78,45888,2649,1552,108,2026-07-25 04:58:42,BV18E3u63E93,2026-07-26,19.02166666666667,0.7925694444444445
（知识科普）一口气看完总共24大流派，看看你属于哪一流派呢？,颜心做的cat,网络游戏,380835,20751,595,4135,6113,2350,140,1482,2026-07-25 10:00:00,BV1Mm3g63EYk,2026-07-26,14.0,0.5833333333333334
【FGO】夺命十三枪,卡迷萨,手机游戏,101361,9138,611,445,3457,8897,3340,397,2026-07-25 09:27:50,BV12Q3g6qED7,2026-07-26,14.536111111111111,0.6056712962962963
侮辱智商！精致女生可以未卜先知转行神棍赛道、带3000万珠宝坐飞机？近期互联网热门人设赏析！,正经的老邪,日常,464573,23015,1129,4884,3027,4598,696,1314,2026-07-25 02:05:00,BV1a33T6MEEG,2026-07-26,21.916666666666668,0.9131944444444445
死芒红皮居然只要21！！？！,三角洲经济学教父,网络游戏,346540,22371,1695,1103,2068,912,5308,270,2026-07-25 06:23:47,BV11m3M6aECz,2026-07-26,17.60361111111111,0.7334837962962962
【奕夕】求&影-全曲MV+私设注意,苏莹川,MV,89374,19469,419,439,7434,4112,572,238,2026-07-25 09:36:29,BV1CR3g6vEy4,2026-07-26,14.391944444444444,0.5996643518518519
超级暴雨来了：台风红霞将巅峰登陆广东，四川等省高温将明显缓解,中气爱,科学科普,616696,26594,5295,1513,1775,1077,4250,211,2026-07-25 15:11:51,BV1DN3G6mEoL,2026-07-26,8.8025,0.3667708333333333
00红00花00凛0T王棋绘世！你是否承认我的理解举世无双？,澄闪啵啵,手机游戏,195646,14898,1668,489,2387,3087,5532,409,2026-07-25 15:09:34,BV1uN3G6mEkx,2026-07-26,8.840555555555556,0.3683564814814815
耗时上千小时！自制《哭泣少女乐队第二季》第一集 “呐 未来”,一典人od,MAD·AMV,126922,23158,959,373,11234,16123,3143,454,2026-07-25 05:34:18,BV12x3u6iEB4,2026-07-26,18.428333333333335,0.7678472222222222
【本家】衛星 - 音街ウナ【カササギ】,カササギ_柿崎ユウタ,VOCALOID·UTAU,115719,32852,1680,1248,16522,9977,2512,144,2026-07-25 12:00:00,BV1BogC6JEDJ,2026-07-26,12.0,0.5
携程被罚没51.79亿元,央视新闻,日常,1218195,58785,8912,455,4508,2931,11285,179,2026-07-25 03:06:18,BV1mC3K64EAX,2026-07-26,20.895,0.870625
和大家说一个好消息和一个坏消息！,Key725,网络游戏,628336,74832,1389,581,12672,32324,374,260,2026-07-25 02:00:00,BV1RYgi6QELz,2026-07-26,22.0,0.9166666666666666
一把游戏感动四个队友,峡谷混学家,电子竞技,402477,28814,905,597,1432,5486,261,338,2026-07-25 10:00:00,BV1Yj3u6kEJ2,2026-07-26,14.0,0.5833333333333334
剑指冠军！詹姆斯400万加盟76人！阵容太强，恩比德受伤也不怕？,太吾车神,篮球,541055,20035,6007,6108,2903,4852,1853,791,2026-07-25 11:09:56,BV1nn3g6fEus,2026-07-26,12.834444444444445,0.5347685185185186
【卡戍】雷霆万钧，一剑破空，战斗即艺术帧帧都是经典 [4K/无UI]导电漂泊者VS全息无冠者,ZSDS卡戍,手机游戏,294877,37525,846,191,5489,6414,2204,199,2026-07-25 04:35:19,BV1X83K6KERu,2026-07-26,19.41138888888889,0.8088078703703704
假如根据所学专业觉醒超能力的话?（第二期）【AI全民制作人】,十万个挑战,影视杂谈,1055200,16927,538,565,5369,1311,390,326,2026-07-25 12:35:15,BV14u3g6TEzn,2026-07-26,11.4125,0.47552083333333334
芬兰表妹一家终于抵达中国兴奋到飞起！被四川豪华家宴感动到热泪盈眶！成都深夜逛吃开心爆炸！,雨琪在芬兰,日常,854635,38112,1039,5886,5771,23857,199,1676,2026-07-25 04:36:59,BV1Sq3K6hEDs,2026-07-26,19.38361111111111,0.807650462962963
浙江第一悬案，究竟怎么破的？烧脑程度，世间罕见,我是江无情,人文历史,483981,16961,666,1315,5219,765,466,1032,2026-07-25 02:00:00,BV1e5gq69EDT,2026-07-26,22.0,0.9166666666666666
古代布料紧缺，汉服为啥又宽又大？？,珑师傅_,人文历史,204680,21520,826,562,8350,3199,465,492,2026-07-25 11:30:56,BV1XB3g6jEtU,2026-07-26,12.484444444444444,0.5201851851851852
【微电影】星河外卖员：创造之旅,最后讲述者,鬼畜剧场,619638,44547,963,1184,7249,9809,1430,582,2026-07-25 04:13:22,BV1on3K6GE7P,2026-07-26,19.77722222222222,0.8240509259259259
【顶级智斗】全民进入大智斗时代！,机智的呆狗,搞笑,294003,17147,404,1204,5863,5101,236,428,2026-07-25 04:00:00,BV1roge6tEkW,2026-07-26,20.0,0.8333333333333334
盘点三角洲里四个阵营的原型【三角洲军工20】,阿氢HYDROGEN,网络游戏,696043,26769,505,848,9505,778,229,463,2026-07-25 10:02:45,BV1zN336ZEKL,2026-07-26,13.954166666666667,0.5814236111111112
今晚谁来都得叫“妈妈”丨4K三机位FOCUS • R.E.D李雨林《Hot & Sxey》&《Hey Mama》•「Shadow Play」杭州站,洛寒丨李雨林,明星综合,168725,10411,3155,3706,4861,5303,1478,239,2026-07-25 15:01:03,BV1Rz3G6WEgg,2026-07-26,8.9825,0.37427083333333333
护送迷路大爷回家，心里开心一整天~,哈基蛙a,日常,266590,43441,709,445,1375,22723,130,293,2026-07-25 10:26:02,BV1rF336wEvu,2026-07-26,13.56611111111111,0.5652546296296296
【2026KPL夏季赛】7月25日 成都AG超玩会 VS 杭州LGD.NBW,哔哩哔哩王者荣耀赛事,电子竞技,802832,7162,10017,14814,1849,1198,1919,9527,2026-07-25 12:27:35,BV1wE3g6cEKK,2026-07-26,11.540277777777778,0.48084490740740743
「咒术回战」人外魔境新宿决战,望穿秋水145,MAD·AMV,465317,66398,3228,601,21175,28214,4712,126,2026-07-25 05:00:00,BV1kRgi6qEyJ,2026-07-26,19.0,0.7916666666666666
无证改装加警灯，深夜“炸街”还超员？警方出手围捕！,央视新闻,日常,1185438,60014,2036,1193,5278,1033,1050,101,2026-07-25 01:29:29,BV1V33T6uEJH,2026-07-26,22.50861111111111,0.9378587962962963
当社牛朋友给你过生日！,一串大福,搞笑,1661803,99341,1441,2145,21941,2829,450,144,2026-07-25 04:28:08,BV1De3K6YEBb,2026-07-26,19.531111111111112,0.8137962962962964
潮汕私房菜，没有菜单，老板上什么就吃什么，像开盲盒一样，不知道这一桌味道怎么样？,李维刚的日常,美食侦探,394183,17562,1077,905,674,658,289,301,2026-07-25 09:32:31,BV1so3g6NELt,2026-07-26,14.458055555555555,0.6024189814814814
【绝区零】唱片争夺战！【狄龙顾dillongoo】,狄龙顾,手机游戏,187687,39557,660,390,15868,7392,2017,162,2026-07-25 13:10:00,BV1YUKb69EPW,2026-07-26,10.833333333333334,0.4513888888888889
“清扫凶宅”要做哪些工作？三人惨死的出租房里...疑点重重！国产推理佳作：呼延云《凶宅》第三回！,掺酒_Crane,人文历史,265371,21440,247,957,8906,1136,339,1329,2026-07-25 03:00:00,BV14dKs6YECu,2026-07-26,21.0,0.875
功 夫 男 足,豪言の经理,鬼畜剧场,261387,28383,516,296,4645,4506,728,125,2026-07-25 14:14:48,BV1cx3G6NEKH,2026-07-26,9.753333333333334,0.4063888888888889
下潜10米就漏？国军的海鲲号，到底有多抽象？,世界见闻录,人文历史,482334,30456,1923,2582,4749,1982,282,1050,2026-07-25 10:05:00,BV16Xga6pEmF,2026-07-26,13.916666666666666,0.579861111111111
【医学博士】看了成人内容，会有什么危害？｜10岁女孩直播跳钢管舞背后，藏着更可怕的事…,兔叭咯,科学科普,474295,26737,1016,1106,9523,2588,1201,294,2026-07-25 09:30:00,BV1Kwga6tE2m,2026-07-26,14.5,0.6041666666666666
蛋定，我们会再见～,伊莫,单机游戏,2319549,123226,974,365,54942,31372,18090,225,2026-07-25 08:00:22,BV1cWgB6qEKB,2026-07-26,15.99388888888889,0.6664120370370371
199卢比自助成吉思鸡套餐，撑爆我的鳞片了,印度老吃家,美食侦探,499231,59925,722,388,4391,1079,920,106,2026-07-25 14:00:00,BV1Zx3g6sE82,2026-07-26,10.0,0.4166666666666667
花800块买了一堆无人认领的快递，拆完帅小伙沉默了……,贤宝宝Baby,美食测评,1981097,33573,468,779,10838,3579,272,386,2026-07-25 03:10:00,BV12Dgi6gEvw,2026-07-26,20.833333333333332,0.8680555555555555
《锻刀大赛》惊现华夏斩马刀！人马俱碎 为斩而生,沫子瞪片,影视杂谈,729238,47904,1238,6667,6374,4146,493,1106,2026-07-25 03:30:08,BV1yXge6wET9,2026-07-26,20.497777777777777,0.8540740740740741
“管理员我忍你很久了！”,拔总w,同人·手书,302239,25695,332,121,5460,991,2239,99,2026-07-25 10:47:48,BV1Jp3g6tE71,2026-07-26,13.203333333333333,0.5501388888888888
融合植物561：究极陆生贪欲水草！,蓝飘飘fly,单机游戏,156166,8629,1097,967,1057,851,425,463,2026-08-01 23:00:00,BV12CGG6yEKb,2026-08-02,1.0,0.041666666666666664
在一个破碎服务器的残骸下你又一次回到了这里,白蚀void,单机游戏,169908,17081,1350,1462,3904,1544,124,798,2026-08-01 11:30:00,BV1CtGV6yEq2,2026-08-02,12.5,0.5208333333333334
爽爽爽！博德3、八旅一众3A全部新史低？！更有13块就拿下顶级IP开放世界神作！【居士的单机折扣严选8.1】,蒸汽居士,单机游戏,150674,7728,327,375,1324,639,183,642,2026-08-01 09:00:00,BV1GSG36QEeh,2026-08-02,15.0,0.625
还有王法吗？还有法律吗？大风厂案人均违法？《人民的名义》05,一条闲木鱼,影视杂谈,297938,13859,2233,1352,3049,5908,199,1999,2026-08-01 03:05:00,BV1Z2GP66EhE,2026-08-02,20.916666666666668,0.8715277777777778
《明日方舟》EP - Every Road is a Yes,明日方舟,手机游戏,328080,43225,7581,1085,9942,10790,3180,197,2026-08-01 03:00:00,BV15QGP6ME3s,2026-08-02,21.0,0.875
最倒霉也最幸运的【新疆旅拍vlog02】,粽子淞,日常,124760,21849,321,194,4963,1692,217,794,2026-08-01 14:04:48,BV1CMGG6zEoU,2026-08-02,9.92,0.41333333333333333
你可能不认识我，但是你一定听过我做的音乐,HappyPizzaBread,搞笑,143521,30226,557,84,5676,3177,451,19,2026-08-01 14:15:15,BV17JGG6wEC4,2026-08-02,9.745833333333334,0.4060763888888889
当每层方块都是随机的，MC变成彩虹千层？！,小橙子姐姐解说,单机游戏,480254,22969,333,625,8396,1731,39,482,2026-08-01 06:07:16,BV1QXG36SEtm,2026-08-02,17.878888888888888,0.7449537037037036
【车的发布会】MG07 化身年轻人的第一台轿跑，牙膏挤爆卷到没朋友,车的发布会官方,新能源车,496741,3502,630,286,1289,1223,765,335,2026-08-01 03:00:00,BV1zfGA6CE6V,2026-08-02,21.0,0.875
啥  博  弈  ？ ？ ？,蛋水饿,搞笑,214386,11820,341,449,1960,1120,288,262,2026-08-01 04:00:00,BV1yhGP6DEDJ,2026-08-02,20.0,0.8333333333333334
最喜欢薇薇安了,egg2588,仿妆cos,346751,75571,1150,88,21471,1360,669,19,2026-08-01 07:39:32,BV1icG36sE21,2026-08-02,16.34111111111111,0.6808796296296297
【直到大地变成一颗酸橙】TO-1至TO-9一摆到底合集版 摆完挂机 简单好抄,萧然Q,手机游戏,279125,14054,601,198,2637,12140,310,1207,2026-08-01 06:31:18,BV12pG36gEFr,2026-08-02,17.47833333333333,0.7282638888888888
不能忘记的东西....,急救猫_-,手机游戏,105978,16429,430,155,4677,2474,333,275,2026-08-01 04:40:55,BV1zDGM6WEBk,2026-08-02,19.318055555555556,0.8049189814814816
找到了人类进化的原因……,鹤吱菌,搞笑,136447,7668,235,393,1032,778,158,210,2026-08-01 04:06:49,BV164Gu6fEfo,2026-08-02,19.886388888888888,0.828599537037037
【FGO棉被】EX戴冠战速刷必看！ 冠位系统、周回奖励、卡池抽取建议 助战避坑全解析,叫我棉被,手机游戏,324670,6430,3159,621,2588,2393,408,1825,2026-08-01 07:42:48,BV1icG36sEYq,2026-08-02,16.286666666666665,0.678611111111111
【TF家族练习生】《异常加载中》 MV预告,TF家族,明星综合,575970,34470,2295,24723,7414,2243,2167,22,2026-08-01 12:00:00,BV1hGGV6RE29,2026-08-02,12.0,0.5
你以为做不完我能放你退休？,迂磨二公子,搞笑,250359,25100,782,174,1124,1710,113,159,2026-08-01 10:21:55,BV14nGV6EE9b,2026-08-02,13.634722222222223,0.568113425925926
越狱成功！！好久没有这么幸福的吃饭了！！,大祥哥来了,美食测评,158758,8619,325,364,990,1417,115,587,2026-08-01 10:00:00,BV19Q3z6cEn1,2026-08-02,14.0,0.5833333333333334
3个日本UP东京面基！全程唠嗑收不住！节目拉满！,平平出击,美食侦探,217476,11602,346,347,1612,1885,139,645,2026-08-01 10:51:36,BV1CYGV63E3c,2026-08-02,13.14,0.5475
5年前的粉丝快递开箱！我的粉丝难不成都是天才？！,GM的秘密基地,手工,213644,9780,237,327,1934,523,34,386,2026-08-01 11:03:47,BV1zfGG6eEPJ,2026-08-02,12.936944444444444,0.5390393518518518
【时代少年团】「米爆探班日记」EP05,时代少年团,明星综合,205716,14783,437,26082,3530,3040,201,1032,2026-08-01 10:00:00,BV1y1Gg6vEM5,2026-08-02,14.0,0.5833333333333334
极限状态下拼凑出来的合金弹头4，竟然隐藏了这么多秘密！,老孙聊游戏,单机游戏,129296,7040,138,396,1452,1369,42,862,2026-08-01 11:17:16,BV16XGG6BEDN,2026-08-02,12.712222222222222,0.5296759259259259
差点以为这一仗打赢了,销冠李老板,日常,173122,39210,1376,162,904,4474,101,111,2026-08-01 09:18:55,BV1yyGg6TEXD,2026-08-02,14.684722222222222,0.6118634259259259
采访辱骂者本人,韩路有点意思,日常,167428,5228,1346,1676,916,1239,587,1003,2026-08-01 07:17:31,BV1JYG36YEif,2026-08-02,16.708055555555557,0.6961689814814815
把兄弟的奶茶换成西梅汁！再把他家的马桶用保鲜膜封起来！没想到他直接当着我面绷不住了,骚拳超人,日常,253091,11705,518,722,1579,4877,1484,490,2026-08-01 09:00:00,BV1NZGu6BEZb,2026-08-02,15.0,0.625
别死啊！归骰！！！😭,我没魔芋爽,日常,440109,48810,1601,883,9546,1341,7590,61,2026-08-01 10:00:00,BV1TBGg63ED8,2026-08-02,14.0,0.5833333333333334
感觉生活压力大时不妨想想这群穿刺手,JP是只熊,手机游戏,238284,18984,710,171,2498,672,6681,73,2026-08-01 10:01:13,BV1s4GV6LEMh,2026-08-02,13.979722222222222,0.5824884259259259
陈翔六点半：一段不算爱情的爱情,陈翔六点半,小剧场,757222,15150,1159,916,2890,1813,462,316,2026-08-01 10:37:59,BV1ChGV6kEaE,2026-08-02,13.366944444444444,0.5569560185185185
杂胡书记VS鲜卑兵王，五胡初期的北境天命之战,渤海小吏,人文历史,369223,18074,710,2187,5967,8436,331,3546,2026-08-01 03:00:00,BV1Ew386CE4w,2026-08-02,21.0,0.875
『在水晶门口cos防御塔的二人』,太尉c-中韩第一阿克尚,网络游戏,461130,29211,673,270,2492,1290,4087,47,2026-08-01 04:00:00,BV1pT346kEyy,2026-08-02,20.0,0.8333333333333334
我做了一个AI小岛，让米哈游角色自己生活...【B站AI创造公开赛】,兔崽子你真的完蛋了,单机游戏,142030,13696,457,504,4279,4097,339,245,2026-08-01 10:30:00,BV1q4GN6VEBq,2026-08-02,13.5,0.5625
馬來西亞“最貴”肉骨茶，19馬幣vs 234馬幣，10多倍差價差在哪？,丹牛食走起,美食侦探,265870,7748,483,714,1886,1394,675,866,2026-08-01 03:00:00,BV1vg3n6jEAD,2026-08-02,21.0,0.875
珊比 VS 方舟精英BOSS，勇敢的短耳朵！【明日方舟】,-碱式碳酸咸鱼-,手机游戏,260980,11183,1847,387,761,556,413,433,2026-08-01 12:53:09,BV1CSGG66ERc,2026-08-02,11.114166666666666,0.4630902777777777
《这一秒过火》：下一秒上火，狗血剧是什么门槛很低的东西吗？,话很多的小姐姐们,影视杂谈,293242,12788,1017,4143,1743,2863,1246,1054,2026-08-01 03:00:00,BV1WGGN6XELV,2026-08-02,21.0,0.875
如何绷住（2）,警探小蓝丶,单机游戏,144156,15361,845,1492,4227,827,863,265,2026-08-01 09:45:59,BV1xsGV62E55,2026-08-02,14.233611111111111,0.5930671296296296
你小时候离家出走:      【B萌应援】,王月目儿草,单机游戏,311342,29672,399,105,3573,2565,598,31,2026-08-01 03:31:00,BV1tLGu6TEK9,2026-08-02,20.483333333333334,0.8534722222222223
MC的某些附魔属性究竟有多少冷知识？！！,-恒某人-,单机游戏,334776,23626,587,686,4740,619,304,338,2026-08-01 02:00:00,BV19oGK6rELx,2026-08-02,22.0,0.9166666666666666
为什么小鸡洗完澡都有股怪味…,26鲨鱼,绘画,164229,22088,512,46,4172,746,875,32,2026-08-01 04:45:56,BV1DKGu6VEz5,2026-08-02,19.234444444444446,0.8014351851851852
【苏新皓𝗣𝗼𝘄𝗲𝗿】𝗧𝘄𝗼 𝗱𝗮𝘆𝘀 𝟭𝟮机位𝗙𝗼𝗰𝘂𝘀 𝗺𝗶𝘅𝗲𝗱 𝗰𝘂𝘁,Sisu-Crown苏新皓,娱乐粉丝创作,72075,9256,155190,126678,7752,9036,9481,274,2026-08-01 10:51:31,BV1EzGV6TEdh,2026-08-02,13.141388888888889,0.5475578703703704
侦探：不收徒,呵纹Hevon,同人·手书,256307,24250,316,652,4180,2140,282,158,2026-08-01 11:03:59,BV1AhGV6CEbq,2026-08-02,12.93361111111111,0.5389004629629629
【一轮复习】绝对值的数形结合与零点综合！,一数,校园学习,125682,19765,745,468,3315,1099,320,2778,2026-08-01 13:38:44,BV1KPGG6GEEN,2026-08-02,10.354444444444445,0.4314351851851852
家里又多了5只小狗，大黄一大早跑来报喜！,大黄是只狗,汪星人,391968,9157,209,179,4531,841,47,183,2026-08-01 10:19:05,BV1tnGV6JEcb,2026-08-02,13.681944444444444,0.5700810185185184
凑 企 鹅 大 狗 叫,真栗,日常,519574,57683,961,354,4808,1872,1512,29,2026-08-01 10:50:05,BV1kYGV63Ezz,2026-08-02,13.165277777777778,0.5485532407407407
这么大的土地庙，看来这boss的建筑水平在我之下【更好的MC】,磊哥游戏,单机游戏,530503,52066,1104,1139,3093,4166,487,334,2026-08-01 01:00:00,BV19fGK6gEVv,2026-08-02,23.0,0.9583333333333334
死亡到来，我们相爱。【十级学者详解武林外传44】,一岸舟,影视剪辑,228759,9861,887,3019,1976,4227,158,2939,2026-08-01 03:30:00,BV1DjGw6pEG6,2026-08-02,20.5,0.8541666666666666
我说孩童啃棒骨，百日则肥白，肉蛋奶tv的家人们都支持吧？呦呦说再也不喝米油了（彩蛋）,一个被磨平的90后,亲子,125482,11134,595,191,564,1324,112,203,2026-08-01 09:30:00,BV1vmGw6AERJ,2026-08-02,14.5,0.6041666666666666
王者荣耀版谁是内鬼！,清酒好可怜,电子竞技,185372,12178,217,546,1496,1090,106,757,2026-08-01 09:30:00,BV1t5G361EyC,2026-08-02,14.5,0.6041666666666666
【本家投稿】QUIET / MIMI feat. 重音テトSV ＆ 可不 ＆ 雨衣,MIMI_music,VOCALOID·UTAU,46264,15783,640,420,9566,5020,1395,149,2026-08-01 11:57:39,BV1euGV6ZEmz,2026-08-02,12.039166666666667,0.5016319444444445
【尺八人夫】什么是路飞？致每一个爱着太阳的你【B萌应援】,尺八人夫,演奏,67616,4597,791,728,1416,3283,501,1115,2026-08-01 15:27:06,BV1Vw3U6xEXF,2026-08-02,8.548333333333334,0.35618055555555556
【直到大地变成一颗酸橙】TO-1至TO-9 摆完挂机 简单好抄,萧然Q,手机游戏,774458,15316,1259,401,3454,11432,347,1396,2026-08-01 04:23:37,BV1qoGM6nEcq,2026-08-02,19.60638888888889,0.8169328703703704
鬼畜电影：郝哥的传奇人生,LuminaSymph,鬼畜剧场,56635,3164,208,253,1063,1644,204,927,2026-08-01 03:53:02,BV1wTGg6aEop,2026-08-02,20.11611111111111,0.8381712962962963
【微电影】星河外卖员: 卡皮不在天津四,最后讲述者,鬼畜剧场,179536,18576,723,1173,2723,7819,867,484,2026-08-01 05:06:34,BV1aPGu6yEjD,2026-08-02,18.890555555555554,0.7871064814814814
【完整版】人民军队大片《制胜》第三集《挺进深蓝》,央视新闻,日常,226537,19027,571,1235,3446,3330,956,1501,2026-08-01 12:00:00,BV1SvGg6GEuM,2026-08-02,12.0,0.5
泉…泉奈？！！,晓贪猫,日常,170509,20751,979,285,8050,1459,557,82,2026-08-01 12:18:15,BV1gqGG6SEMC,2026-08-02,11.695833333333333,0.48732638888888885
原神7.0抽卡推荐和新的自选命座推荐,龙四爷攻略组,手机游戏,118922,8095,1204,1110,952,3805,183,1085,2026-08-01 14:07:10,BV1JjGG6PEY2,2026-08-02,9.880555555555556,0.41168981481481487
古法…3D动画？,杨小谬,绘画,55862,17441,243,25,3253,3296,175,25,2026-08-01 12:58:06,BV1KkGG6jEBT,2026-08-02,11.031666666666666,0.45965277777777774
“秀秀无敌腰上滚伞”,紫颜-小仙紫,日常,163945,20862,333,81,3415,1466,225,29,2026-08-01 10:57:16,BV1qcGV6AEu6,2026-08-02,13.045555555555556,0.5435648148148148
咸鱼之王爆氪一个月直接通关，顶氪关羽太强了,老芒果OL,网络游戏,194310,10913,258,213,766,3755,141,519,2026-08-01 04:05:00,BV1CGGN6XEDT,2026-08-02,19.916666666666668,0.8298611111111112
【明日方舟】夏活“直到大地变成一颗酸橙”TO-1~9摆完挂机全关卡攻略！操作轻松+语音详解的愉悦攻略！《明日方舟》|魔法Zc目录,魔法Zc目录,手机游戏,234588,12993,1222,359,1752,4147,308,1290,2026-08-01 05:09:48,BV1YAGu6LEci,2026-08-02,18.836666666666666,0.7848611111111111
两小儿辩日（还挺好看）,花盆儿儿儿,同人·手书,132803,23077,283,128,8609,918,631,101,2026-08-01 04:00:42,BV1sJGu6eEzk,2026-08-02,19.988333333333333,0.8328472222222222
🐬不用坐班的好事竟然轮到我了🐬,哈鸡堡,影视剪辑,161727,20452,292,92,4430,1281,202,116,2026-08-01 02:24:38,BV1KoGu6uEDp,2026-08-02,21.589444444444446,0.8995601851851852
把经典毁成赛博垃圾！逆大天的父与子3D【周余】,不知所措的周余,动漫杂谈,156759,9567,630,913,2370,1090,190,374,2026-08-01 09:53:46,BV12WGV67EF5,2026-08-02,14.10388888888889,0.587662037037037
宗主第二招🚬,永雏塔菲,MMD·3D,249073,36006,1115,159,2664,2421,2500,22,2026-08-01 07:48:10,BV16QGg6hE89,2026-08-02,16.197222222222223,0.6748842592592593
我们换了一种救助形式，让救助组织能活下去,本喵叫兔兔,喵星人,112456,19782,597,335,892,6229,249,305,2026-08-01 10:28:13,BV1JiGV6uEvt,2026-08-02,13.529722222222222,0.5637384259259259
逐帧拆解7.0所有信息！伏笔从温迪到女皇？它其实不是派蒙？原神至冬前瞻解析,Jerryprpr,手机游戏,104863,13027,649,933,2644,938,274,998,2026-08-01 09:01:58,BV1VxGg6JEpS,2026-08-02,14.967222222222222,0.6236342592592593
韩立不是因为令狐才帮黄枫谷 而是想帮黄枫谷 所以才给令狐一个机会！《凡人修仙传》185集逐帧解析,白马侯子,国产原创相关,139225,8969,1187,690,736,1504,108,759,2026-08-01 13:34:58,BV1NNGG6rEWA,2026-08-02,10.417222222222222,0.4340509259259259
两部门明确12到14周岁未成年人严重暴力犯罪核准追诉标准,央视新闻,日常,237280,20046,2526,701,2515,1682,1505,360,2026-08-01 11:55:57,BV1euGV6oEGo,2026-08-02,12.0675,0.5028125
⚡嗷 呜⚡星 铁 旗 袍！你 选 择 谁⚡,莉可Kurisu,日常,151302,43601,293,555,19617,1002,1150,29,2026-08-01 10:06:16,BV1MEGV6QEv8,2026-08-02,13.895555555555555,0.5789814814814814
何润东杨齐家老六联动扶贫，目标：手搓非洲之星,老六没有福利号,网络游戏,226258,15696,419,409,1985,683,84,855,2026-08-01 09:05:05,BV1S8Gg61Edr,2026-08-02,14.915277777777778,0.6214699074074074
别被制造焦虑了，自律的前提是生存！,硬汉形象26,健身,47992,7541,187,32,1188,602,55,179,2026-08-01 12:59:30,BV1m6GG62EXR,2026-08-02,11.008333333333333,0.45868055555555554
【唐唐】深度解析伪纪录片《被诅咒的大家庭2》真相浮出水面！,Big笑工坊,影视杂谈,101706,6998,297,542,1781,1829,112,1840,2026-08-01 04:20:00,BV1LaGT6mEZk,2026-08-02,19.666666666666668,0.8194444444444445
不要小瞧朵朵和小乔之间的羁绊啊！,LuFee__,电子竞技,294890,14797,274,407,4739,581,446,150,2026-08-01 04:00:00,BV16vGw6gELQ,2026-08-02,20.0,0.8333333333333334
【明日方舟】夏活“直到大地变成一颗酸橙”TO-1~9低配平民攻略！操作轻松+语音详解的愉悦攻略！《明日方舟》|魔法Zc目录,魔法Zc目录,手机游戏,125775,11601,627,119,1298,1982,377,1177,2026-08-01 09:52:30,BV1xsGV62EJk,2026-08-02,14.125,0.5885416666666666
非常抱歉！！！！,走路摇ZLY,日常,471559,39585,595,95,7435,1265,455,21,2026-08-01 10:12:11,BV1S7GV6HETH,2026-08-02,13.796944444444444,0.5748726851851852
【初音/重音/手书】67位初音重音的天国地狱国,Kevin-Silvia,日常,56265,9669,327,435,5384,1310,443,188,2026-08-01 02:00:00,BV1Y1GF6REjE,2026-08-02,22.0,0.9166666666666666
当代学生精神状态：吃饭大冒险,碧月狐,单机游戏,624241,83803,1258,1184,11737,5130,1500,61,2026-08-01 01:35:00,BV1d5GK6gEL1,2026-08-02,22.416666666666668,0.9340277777777778
侠隐柱间初上手憋笑挑战纯享版,women51,手机游戏,199873,11082,798,760,1214,814,457,868,2026-08-01 05:31:43,BV1GUG36pELQ,2026-08-02,18.47138888888889,0.7696412037037037
离职当天就后悔了,少吃点布洛芬,日常,120214,7559,365,137,848,685,232,234,2026-08-01 13:05:08,BV1K1GG65E4p,2026-08-02,10.914444444444445,0.45476851851851857
【原神】幻想真境剧诗 卓越+月谕难度(2026年08月)水雷冰/新深渊/平民低配满花/试用角色/超低配/幻想真境剧诗/原神月之八,你的影月月,手机游戏,230050,14159,4212,728,2522,4813,506,1285,2026-08-01 04:31:57,BV1zmGM6xEvh,2026-08-02,19.4675,0.8111458333333333
53颗CPU+52张显卡 耗时三个月！才做完的实测CPU+显卡天梯图！高清原图免费下载 持续更新！【2026.8.1版】,硬核搞机宅,数码,63123,4762,567,146,2075,4910,197,764,2026-08-01 09:23:48,BV1C1Gg6vEeV,2026-08-02,14.603333333333333,0.6084722222222222
KING王者归来 瘦回巅峰上音综  资本最汗流浃背的一集,抽乐个大象,音乐综合,898794,11321,335,590,2385,2016,528,864,2026-08-01 06:24:07,BV1gRG36EE5T,2026-08-02,17.598055555555554,0.7332523148148148
新能：你是说新幻神是地面？而且还有弹药技能！？,樗柒ヽ,手机游戏,162674,6009,983,297,570,536,276,161,2026-08-01 16:26:14,BV1tY3m6LEqa,2026-08-02,7.562777777777778,0.3151157407407407
【朱志鑫】四日混剪 一键换装 「竞速游戏」多机位 4K直拍｜登陆少年梦寐以求演唱会,帆_朱志鑫,娱乐粉丝创作,72148,11529,8309,13123,8195,12076,2614,225,2026-08-01 09:47:05,BV1KrGg6uEbn,2026-08-02,14.215277777777779,0.5923032407407408
【直到大地变成一颗酸橙】TO-1至TO-9挂机流，小游戏刻章都不愁！| 明日方舟攻略简单好抄(含TO-9豪华版，安洁莉娜的旅行小记等),自在道爷,手机游戏,219711,5176,265,223,1065,3445,50,4321,2026-08-01 04:24:23,BV16UGM6RE42,2026-08-02,19.593611111111112,0.816400462962963
被迫出差 上门喂养阿姨给我拍的视频,喵君是个大聪明,小宠异宠,148407,16819,577,676,1026,2012,1239,211,2026-08-01 08:56:34,BV1MvGg6VEwE,2026-08-02,15.057222222222222,0.6273842592592592
开始黑化,林思彤77,小剧场,146883,17984,547,537,1159,1095,131,250,2026-08-01 10:53:27,BV1HYGV63Et4,2026-08-02,13.109166666666667,0.5462152777777778
"ASMR某非遗古法疗愈""大师""直播间 (通泪腺、海底捞、护甲抓背、电脉冲头疗)",乌乌Woozzz,日常,131945,14481,530,922,4286,3465,234,502,2026-08-01 08:10:08,BV1DgG36EEWe,2026-08-02,15.831111111111111,0.6596296296296297
萝莉控天堂🥰,奶油-cream-,综合,157924,18045,456,421,1534,697,408,133,2026-08-01 06:31:21,BV1snG36rE2M,2026-08-02,17.4775,0.7282291666666666
【杂谈】术力口为什么越来越低龄化？圈子的风气该改改了！,PCKCOOL,音乐综合,57546,6094,1001,307,2841,802,185,362,2026-08-01 19:05:07,BV1De3S6pE2d,2026-08-02,4.914722222222222,0.20478009259259258
人生最大的残疾从不是身体的残缺，而是内心的恐惧！,造梦阿瑄,日常,318535,20207,313,341,1806,1956,84,214,2026-08-01 04:00:00,BV1unGP6bEFZ,2026-08-02,20.0,0.8333333333333334
讲话不过脑的后果到底有多严重，这起案件值得所有人看一看！,我是大佬K,人文历史,124732,7082,326,838,1867,2045,74,1692,2026-08-01 10:00:00,BV14jGu6iE2T,2026-08-02,14.0,0.5833333333333334
学习作曲导致听力下降…,萤灯沵汓,搞笑,78938,8175,259,166,973,776,163,116,2026-08-01 08:35:47,BV1YNG36QEKP,2026-08-02,15.403611111111111,0.6418171296296297
生活不易，携子卖艺#新生儿,蕾蕾蕾杨,亲子,108305,17104,274,139,1655,1241,1053,88,2026-08-01 13:24:31,BV1HVGG6KE7B,2026-08-02,10.591388888888888,0.44130787037037034
这植物种下去将会很疯狂！,我真是小熊Game,单机游戏,485058,16849,208,990,12167,1081,37,329,2026-08-01 04:55:52,BV19cGu62E56,2026-08-02,19.06888888888889,0.794537037037037
OpenAI的十个重大数学成果：数学核爆已成常态,分析学爱好者,日常,131306,4163,2028,348,1378,649,2344,408,2026-08-01 10:39:39,BV1HhGV6kEUy,2026-08-02,13.339166666666667,0.5557986111111112
"【方舟梗知识59】从W到维什戴尔,海猫到底有多能吃？明日方舟人物故事",灰幻,手机游戏,128979,7431,151,307,1995,1001,132,1028,2026-08-01 06:57:04,BV1nvG36wEFf,2026-08-02,17.04888888888889,0.7103703703703704
《向修猫忏悔吧》全曲,红烧牛肉丸子_,同人·手书,48778,7525,325,514,5117,2861,231,185,2026-08-01 02:51:28,BV1M9Gu63E7E,2026-08-02,21.142222222222223,0.880925925925926
《 八 狸 世 家 》,念熙阿,手机游戏,246893,23854,764,517,2046,5508,248,492,2026-08-01 03:36:14,BV1J8Gu6oE2h,2026-08-02,20.39611111111111,0.849837962962963
【脑叶公司AC手书】numb numb,祈侒侒侒侒,同人·手书,47148,13583,340,78,5502,3054,751,167,2026-08-01 02:00:00,BV1rkGM6fEdm,2026-08-02,22.0,0.9166666666666666
国家一级演奏员钢琴奶奶赏析原神至冬交响音乐会（音乐reaction）,钢琴奶奶-尹松,日常,127206,10456,656,1021,1834,2723,264,1858,2026-08-01 11:27:06,BV1FdGG6qEPt,2026-08-02,12.548333333333334,0.5228472222222222
【火影精讲】动漫史上最经典的篇章之一！终结之谷篇之鸣人vs佐助,伊村べべろ,动漫杂谈,137127,7449,666,1339,1764,3761,211,2469,2026-08-01 11:35:18,BV1hGGV6REDF,2026-08-02,12.411666666666667,0.5171527777777778
我们姐妹情深，你得一起娶~,NZ75鸽,同人·手书,201259,16059,431,563,7650,2855,1433,167,2026-08-01 04:00:00,BV1riGP67Emp,2026-08-02,20.0,0.8333333333333334
予愿安洁莉娜 VS 全方舟BOSS，新神已至！？【明日方舟】,樗柒ヽ,手机游戏,720235,26620,5808,1795,2272,1743,4557,403,2026-08-01 05:56:16,BV1tZG36jEVV,2026-08-02,18.06222222222222,0.7525925925925926
《蜘蛛侠:崭新之日》万字解析！132个彩蛋&细节&结局分析！绿巨人还记得彼得？,超英队长,影视杂谈,486150,21451,2495,2989,7877,8333,3379,1623,2026-08-01 03:48:21,BV1E8Gu6oEhM,2026-08-02,20.194166666666668,0.8414236111111112
暑假无聊belike！,一串大福,搞笑,465497,40472,658,1317,3754,1224,319,145,2026-08-01 10:08:17,BV1bEGV6DE2C,2026-08-02,13.861944444444445,0.5775810185185185
如何在航天做到心如止水,鸡头-三角洲行动,电子竞技,194740,17480,188,368,1945,803,246,323,2026-08-01 14:43:01,BV1p13m6TE7V,2026-08-02,9.283055555555556,0.38679398148148153
奥特钥匙大结局下（凤凰梦比优斯预告）,百火哥斯拉,特摄,609141,76166,8578,18970,15081,27863,4465,91,2026-08-01 11:02:33,BV1qfGG6eEQ3,2026-08-02,12.9575,0.5398958333333334
警察上门如何分辨真假？,新华网,日常,1263626,133262,2206,615,25276,1351,683,57,2026-08-01 04:00:00,BV1bcGA6pE4w,2026-08-02,20.0,0.8333333333333334
喜欢处决客人的便利店员工,拧不动啊真拧不动,单机游戏,460345,30003,576,2536,10258,2158,634,2386,2026-08-01 09:26:46,BV1wUGg6eE4f,2026-08-02,14.553888888888888,0.606412037037037
末日高架桥，我们被困了100天！P6,马里奥红叔,单机游戏,619232,89599,1192,6289,22832,46372,688,1548,2026-08-01 03:00:00,BV1FKGM6sEwe,2026-08-02,21.0,0.875
探访女主播的家 给我整不会了！,野生鱼白,搞笑,960155,31666,1153,1386,8811,4998,2489,510,2026-08-01 01:00:00,BV1L3GP6vE39,2026-08-02,23.0,0.9583333333333334
剩菜实力排行，你最喜欢吃什么剩菜？,东方日出哇,特摄,973543,47621,1495,1383,6236,800,752,366,2026-08-01 05:39:06,BV15CG36dE33,2026-08-02,18.348333333333333,0.7645138888888888
万蛇之王！全世界最大的剧毒蛇它终于来了,ZGL蛇语者,野生动物,315954,25634,1272,1620,2844,2463,1674,445,2026-08-01 10:50:00,BV1gDGu6VEtq,2026-08-02,13.166666666666666,0.548611111111111
胜者才有资格享受阿漂【鸣潮泳装PV】,仓鼠想要变成球,同人·手书,237817,24682,462,273,12410,7824,1677,163,2026-08-01 10:00:00,BV1gRG36EEmP,2026-08-02,14.0,0.5833333333333334
田野里的哈基米～,麻怪与麻瓜,喵星人,994283,109018,1410,212,7793,1027,2190,49,2026-08-01 03:42:48,BV1fvGu6WENK,2026-08-02,20.286666666666665,0.8452777777777777
当MC服里加入妙脆角小猫(玩家：被生活磨平了妙脆角😁😁,Mr_牛奶,单机游戏,484981,42016,677,333,9066,865,538,107,2026-08-01 13:00:00,BV1zU3164E2u,2026-08-02,11.0,0.4583333333333333
偷偷开通女友亲密付…假大方花一万让她当富婆！看到余额她直接破防！,盖里老哥,日常,610317,17450,770,3384,3798,6522,2453,587,2026-08-01 09:18:12,BV1YTG36nE9H,2026-08-02,14.696666666666667,0.6123611111111111
【公测】我们为所有崩铁玩家打造了一个新世界！,小三月日记,手机游戏,197715,40826,1800,361,17528,8855,1867,206,2026-08-01 04:00:00,BV1GmGu6LEjX,2026-08-02,20.0,0.8333333333333334
每多撑1分钟，奖金增加1000美元！,野兽游戏MrBeast,单机游戏,380385,26485,469,672,6094,3208,286,788,2026-08-01 03:00:00,BV1CbGw65EvC,2026-08-02,21.0,0.875
又将17级以上：台风白海豚将第四次巅峰，8月6日开始影响我国东海,中气爱,科学科普,562355,29147,4179,1826,1897,1264,3189,199,2026-08-01 14:48:53,BV1HS3m6eEun,2026-08-02,9.185277777777777,0.3827199074074074
磁悬浮橙子安洁莉娜,冰棍QAQ1,手工,381801,41131,1272,111,9673,1496,13128,46,2026-08-01 11:16:35,BV1kXGG6BETc,2026-08-02,12.723611111111111,0.530150462962963
番茄炒鸡蛋，青椒炒肉丝秒啦～#家常菜 #上热门挑战 #热门音乐,DY辣小白,美食侦探,286818,77213,2192,1179,5788,27755,277,168,2026-08-01 07:57:23,BV1ZRGg6bE4q,2026-08-02,16.04361111111111,0.6684837962962963
【中华圣杯战争】第一集：英灵召唤,早夜星Zoroaster,日常,226487,11579,2068,1181,7291,6710,2483,1206,2026-08-01 04:00:00,BV1GnGK6TEgQ,2026-08-02,20.0,0.8333333333333334
这个火爆全网的男人，到底是谁？现状如何？,水智风,竞技体育,200223,14171,632,1082,2108,7822,324,471,2026-08-01 08:29:01,BV1bVG36jEHg,2026-08-02,15.516388888888889,0.6465162037037037
这是啥狗？十七张牌给我秒了？,柒玖动漫柒柒游电竞,同人·手书,423125,39239,234,249,8077,771,279,123,2026-08-01 11:25:50,BV1cdGG6qEg4,2026-08-02,12.569444444444445,0.5237268518518519
八一广场，“八一”升旗，10万人现场见证！,央视新闻,日常,560445,85846,1892,3730,6455,14158,3446,285,2026-08-01 02:25:48,BV1ToGu6uEHD,2026-08-02,21.57,0.89875
“孩子们，出了社会可没有人会惯着你”,泽友io,鬼畜调教,390945,46362,317,1061,10477,13379,279,75,2026-08-01 11:48:22,BV1a5GV6WEuu,2026-08-02,12.193888888888889,0.5080787037037037
二刷《蜘蛛侠：崭新之日》正式点评！为何评价两极？,BuriedAlien,影视杂谈,566547,25989,7692,5280,5920,5369,2736,1063,2026-08-01 09:51:18,BV1xkGg6BE5K,2026-08-02,14.145,0.589375
浅谈少年兜，妈佐能乎完全体，我们虽不以大欺小，但一定以多欺少。造价仅需一顿华莱土的史上最强c忍，——【火影月旦评】,子姬o_O,手机游戏,150481,8830,251,101,1922,856,575,180,2026-08-01 15:46:50,BV1eH3m6XE4o,2026-08-02,8.219444444444445,0.3424768518518519
【太君の噩梦】造谣成吉思汗和杨贵妃都是日本人，日本野史比你想象中更夸张！,世界大抬杠,人文历史,326322,19287,756,1179,3978,584,364,983,2026-08-01 10:00:00,BV1iwG369ENB,2026-08-02,14.0,0.5833333333333334
《749局》前传有多离谱？姚晨大战哥斯拉！万字拆解《九层妖塔》,迪普_official,影视杂谈,553136,37005,1745,4891,8529,2053,871,1714,2026-08-01 08:00:00,BV1SXG36SEQT,2026-08-02,16.0,0.6666666666666666
千万别和朋友玩这个游戏！会打起来！,徐大虾咯,单机游戏,444158,43349,988,1954,8125,17181,741,764,2026-08-01 04:05:00,BV1FAGK6UEeh,2026-08-02,19.916666666666668,0.8298611111111112
⚡️内 存 救 星⚡️16G打游戏彻底过剩！  SteamOS 3.8深度评测,阿狸才不是受,数码,683338,41332,1659,841,10403,3291,1870,537,2026-08-01 10:05:00,BV1J9Gg6cE2d,2026-08-02,13.916666666666666,0.579861111111111
【warma】我为1000亿奖金挑战天才作者谜题！,Warma,手机游戏,1149047,115726,2210,4050,31991,36226,2963,860,2026-08-01 04:00:00,BV1gfGw6RE5p,2026-08-02,20.0,0.8333333333333334
别光顾着玩手机,不是唐嘉琦,日常,1934225,231735,3187,1161,12362,5193,1785,30,2026-08-01 11:47:28,BV1eKGV6fEpM,2026-08-02,12.20888888888889,0.5087037037037038
《原神》至冬交响音乐现场,原神,手机游戏,996823,174192,22885,11417,47069,112415,12326,544,2026-08-01 04:00:00,BV1riGw6zELu,2026-08-02,20.0,0.8333333333333334
大智斗时代：戴夫与僵尸博士的顶级智斗,陈君un,日常,786443,81288,1589,1374,22249,2690,3953,100,2026-08-01 06:46:46,BV12JG36GEVG,2026-08-02,17.220555555555556,0.7175231481481482
他叫李白 我最爱的英雄,小轩-国服李白,手机游戏,563433,17141,613,363,2521,1463,288,625,2026-08-01 02:00:00,BV1cx326wENd,2026-08-02,22.0,0.9166666666666666
人民好律师续续续续,陈凡尘,搞笑,611668,63507,1848,633,13532,4124,1085,173,2026-08-01 10:52:27,BV1pYGV63EjS,2026-08-02,13.125833333333333,0.5469097222222222
动手能力超强！13岁男生用废纸板和胶水，“手搓”各种武器装备模型。,中国青年报,亲子,4184431,252155,6938,1134,12819,2639,2686,38,2026-08-01 00:30:00,BV1FcGP6GEWV,2026-08-02,23.5,0.9791666666666666
假如你和十万人一起相亲【AI全民制作人】,星辉绿野,同人·手书,646711,58757,1708,836,5139,2090,646,193,2026-08-01 09:53:38,BV1CtGV6yEUR,2026-08-02,14.106111111111112,0.5877546296296297
机械美学的开山之作《变形金刚》，多年过去依旧是无法超越的开篇,摩斯神探,影视杂谈,1654643,76614,971,1039,7765,684,211,1056,2026-08-01 01:00:00,BV1oPGP6uEXZ,2026-08-02,23.0,0.9583333333333334
正宗大盘鸡到底有没有土豆？？【主播说三农】,央视农业,三农,934843,77369,7007,2712,3560,3317,3136,232,2026-08-01 14:22:46,BV1JQ3m6AEoW,2026-08-02,9.620555555555555,0.40085648148148145
【TF家族练习生】《突围II破局》EP06：我们把彼此留下来（上）,TF家族,明星综合,2012294,107926,6809,1453311,48597,13837,3199,3601,2026-08-01 11:00:00,BV15CG36dEsF,2026-08-02,13.0,0.5416666666666666
⚡️宗 主 连 携 技⚡️,自动鬼畜中的WZ,鬼畜调教,2691884,286077,5351,1824,56504,58573,13992,140,2026-08-01 04:00:00,BV1Nr3s6rE79,2026-08-02,20.0,0.8333333333333334
当你假装单词考过了...,多米糯骨嘎,搞笑,638551,67029,735,295,7013,4428,1422,125,2026-08-01 08:51:50,BV12iGg6rEyh,2026-08-02,15.136111111111111,0.6306712962962963
刚才发错了,脱缰凯Kk,小剧场,1859795,127820,1866,3593,10129,3863,1014,218,2026-08-01 14:42:32,BV1qR3m6cEo5,2026-08-02,9.29111111111111,0.3871296296296296
第5集丨“零号大坝开满了鲜花？”,是DollDoll,影视剪辑,1276788,133959,2659,2389,32442,25405,6716,241,2026-08-01 10:25:00,BV1WpGu6aEC7,2026-08-02,13.583333333333334,0.5659722222222222
"""大狗？？老吴！！""",一大筐会飞的草莓,鬼畜剧场,1636810,118371,1732,1362,16122,6327,4574,199,2026-08-01 03:45:00,BV1dTGP6TE5v,2026-08-02,20.25,0.84375
“连坐制”，一款如今人人都在玩的热门游戏,鱼蛋教育圈,小剧场,724861,41073,710,295,6044,1654,737,213,2026-08-01 09:55:00,BV1UjG365E8H,2026-08-02,14.083333333333334,0.5868055555555556
华强买瓜，但摄影师是新手,伊介书生,鬼畜剧场,343666,21463,557,514,5254,2553,1562,196,2026-08-01 15:45:12,BV1eH3m6XEhN,2026-08-02,8.246666666666666,0.3436111111111111
我发现了一个诡异的论坛....,某幻君,单机游戏,861546,76905,4254,20629,34688,29782,4287,7363,2026-08-01 08:38:29,BV19wG369Edu,2026-08-02,15.358611111111111,0.6399421296296296
人 类 防 守 精 华,不会剪辑的果子君,篮球,492455,13422,597,687,2920,2267,542,303,2026-08-01 04:00:00,BV19EGM6LELD,2026-08-02,20.0,0.8333333333333334
这是一只美人鱼，你敢和她直视10秒吗？,老番茄,单机游戏,1254741,120915,1550,4529,16800,10065,1265,2843,2026-08-01 04:00:00,BV1ZNGP6BEJT,2026-08-02,20.0,0.8333333333333334
28年前的八仙到底在讲什么？一口气看完童年神剧《东游记》,low君热剧,影视杂谈,564034,16534,1398,2972,5059,3549,2102,1279,2026-08-01 02:26:01,BV1KoGu6uE5M,2026-08-02,21.566388888888888,0.898599537037037
美欧反目：美国离席抗议，法国嘲讽点满,小Q不是导盲犬,社科·法律·心理,650138,34090,2039,4402,5481,2875,796,893,2026-08-01 05:50:48,BV1LCG36dEAx,2026-08-02,18.153333333333332,0.7563888888888889
《原神》角色演示-「公莉：咯咯哒」,金咸鱼,手机游戏,516683,53091,2846,1826,9225,6427,19995,102,2026-08-01 05:29:37,BV1VUG36pE75,2026-08-02,18.50638888888889,0.771099537037037
边牧,潘宏爱玩狗,汪星人,609927,68880,894,690,2143,2417,1039,199,2026-08-01 11:07:09,BV1ffGG6eEfF,2026-08-02,12.880833333333333,0.5367013888888889
当你偷偷开创造和朋友玩MC会发生...,安坤哒,单机游戏,1521083,16797,98,1967,7975,728,78,181,2026-08-01 03:05:00,BV1JJGA6gEEe,2026-08-02,20.916666666666668,0.8715277777777778
海绵宝宝大战僵尸day1，海绵宝宝射手,铜锣戏语,单机游戏,298241,12493,442,96,2444,743,342,96,2026-08-01 10:11:13,BV14HGV6UESe,2026-08-02,13.813055555555556,0.5755439814814814
《你看到没？》,嘞是唐孃孃,搞笑,759959,52966,889,262,1562,578,819,89,2026-08-01 10:00:00,BV1m4GP6WEhX,2026-08-02,14.0,0.5833333333333334
【明日方舟】予愿安洁莉娜实战测评：实力为超大杯上！让我们再一次喊出新神已至！强烈推荐抽取！,人好嘴甜凯尔希,手机游戏,477740,21806,4723,2405,3052,3451,2717,858,2026-08-01 15:32:29,BV1a43m6JE15,2026-08-02,8.45861111111111,0.3524421296296296
只有三句话的婚礼。,橙飞一下,美食记录,888036,34924,2567,1454,3025,6772,2393,359,2026-08-01 10:00:06,BV1WtGV6yEMF,2026-08-02,13.998333333333333,0.5832638888888889
把童年看过的炸裂书拍成炸裂短片,四夕小田木_,小剧场,515752,21280,644,755,3396,3351,965,425,2026-08-01 04:00:00,BV18dGw6dEMN,2026-08-02,20.0,0.8333333333333334
【速凌】我不会把她一个人留在电影院，或者航天基地。,高司令-速凌电竞,单机游戏,2360203,80470,1543,3500,32891,4772,986,396,2026-08-01 07:36:21,BV1BdGg6ZEC6,2026-08-02,16.394166666666667,0.6830902777777778
关于彩礼这事……,ENX叉叉酱,同人·手书,899530,126914,4373,315,12241,8101,1923,64,2026-08-01 11:00:00,BV1SVG36LEwo,2026-08-02,13.0,0.5416666666666666
cos大陀螺55秒拉双闸让全图人6分一起撤离是什么体验？,李谋Leemou,网络游戏,940230,62122,481,856,8666,702,1070,261,2026-08-01 05:00:34,BV1YcGu62E7W,2026-08-02,18.990555555555556,0.7912731481481482
久等啦~欢迎收看新系列！,是许木木啊,日常,706503,78926,2534,4572,17777,13878,2279,993,2026-08-01 09:30:00,BV1WHGu6AEQg,2026-08-02,14.5,0.6041666666666666
【咕嘎饭馆】酸酸甜甜锅包肉！,陈千语Sama,综合,264432,35067,452,530,4819,3765,942,84,2026-08-01 23:00:00,BV1sy3S61EkU,2026-08-02,1.0,0.041666666666666664
关于鼠鼠怎么活到现在,wzbxlmzhnq,手机游戏,433101,64668,3841,2308,6425,48571,461,214,2026-08-01 08:45:36,BV1DaGg65EpL,2026-08-02,15.24,0.635
兄弟，我帅的要命！,是橘长呀,网络游戏,402493,16866,371,528,1298,1342,169,492,2026-08-01 02:00:00,BV18dGw6dErj,2026-08-02,22.0,0.9166666666666666
⚡梦到三角洲高空跳伞入场动画⚡致敬汶川地震伞降勇士！【八一特辑】,星野童,网络游戏,141408,28280,336,1671,8223,1664,419,102,2026-08-01 10:00:00,BV1hjgv6yEup,2026-08-02,14.0,0.5833333333333334
我把B站改造成了解谜游戏【雀室逃脱2】,在下乌鸦有何贵干,单机游戏,283673,17073,451,941,3702,3277,199,650,2026-08-01 03:02:27,BV1xJGu6eEEY,2026-08-02,20.95916666666667,0.8732986111111112
外国鼓手第一次听“山海”,即兴鼓研社,演奏,106550,7571,397,932,2627,4552,1089,2782,2026-08-01 12:30:00,BV1HaG36PEju,2026-08-02,11.5,0.4791666666666667
八一建军节 手绘3D军帽,何咏墨,绘画,168544,38237,233,225,2084,1252,214,77,2026-08-01 05:15:39,BV1aAGu6LEbA,2026-08-02,18.739166666666666,0.780798611111111
“你可能不知道忧郁是什么感觉，但你一定听过这些歌”,是青橘啦,音乐综合,217955,27942,418,593,32035,1718,451,1959,2026-08-01 06:55:17,BV127G36CE1g,2026-08-02,17.078611111111112,0.7116087962962964
宫斗时代！圣枪哥半路被踢，KT爆发内讧，Jiejie三入涅槃，WBG巨大投入恐成今年最大怨种【赛事周刊】,LOL丶诺诺,电子竞技,305116,7551,1672,1930,1586,1057,194,899,2026-08-01 10:38:18,BV1EzGV6TE3u,2026-08-02,13.361666666666666,0.5567361111111111
全新5060TI重大车祸！,修电脑的张哥,数码,313322,9975,1981,3802,1226,1184,1616,1057,2026-08-01 04:00:00,BV1ff3b6yE5d,2026-08-02,20.0,0.8333333333333334
这才是铜应该有的更新,Hasoook,单机游戏,236655,11115,1193,1660,3287,636,327,352,2026-08-01 03:45:00,BV1gkGN6AEY7,2026-08-02,20.25,0.84375
拆解2纳米芯片：先进封装与背部供电深度解读,谈三圈,科工机械,109946,7347,537,713,2550,3584,358,913,2026-08-01 11:25:38,BV1ndGG6qEj8,2026-08-02,12.572777777777778,0.5238657407407408
王老菊教你卖血大王,怕上火暴王老菊,单机游戏,327847,16587,1528,2712,4878,13219,554,4819,2026-08-01 09:24:41,BV1mY316qE8j,2026-08-02,14.588611111111112,0.6078587962962964
大 周 礼 时 代(16),诸葛皮皮9527,小剧场,290575,49126,838,1322,2994,2117,406,136,2026-08-01 09:00:00,BV1bNGN6tEYJ,2026-08-02,15.0,0.625
底盘好不好，飞个坡就知道？主动悬架值得加钱上吗？,三驱兄弟,新能源车,497820,14209,164,202,2177,1337,58,738,2026-08-01 04:00:00,BV1ALGN6QEUq,2026-08-02,20.0,0.8333333333333334
【泰拉瑞亚】全图瞬移！失谐矢量传送器电路,混乱沉睡,单机游戏,120859,17477,530,173,4556,3763,3031,339,2026-08-01 01:00:00,BV1xUGA6nEq6,2026-08-02,23.0,0.9583333333333334
广西霸总们爱上我/.,氧化菊,时尚潮流,242379,23407,796,297,1400,1670,1498,62,2026-08-01 09:04:20,BV1YxGg6JEXt,2026-08-02,14.927777777777777,0.6219907407407407
这歌声，有力气！《强军战歌》网友合唱版,央视新闻,日常,168713,37772,497,157,4261,6148,628,109,2026-08-01 04:33:25,BV1fQGM6XEwe,2026-08-02,19.443055555555556,0.8101273148148148
完了，四姐小羊我爱上蝴蝶忍了 茵蒂克丝,4姐小羊,仿妆cos,578350,30882,5997,544,3110,512,10117,43,2026-08-01 10:42:07,BV1C8GV6VEYC,2026-08-02,13.298055555555555,0.5540856481481481
土豆丝炒肉,混的厨-,美食记录,681155,70079,502,168,3921,852,414,42,2026-08-01 03:40:12,BV1E8Gu6oESC,2026-08-02,20.33,0.8470833333333333
我能像梵高一样通关杀戮尖塔2吗,马萨卡卡卡卡,单机游戏,176207,12097,452,425,1974,2297,713,724,2026-08-01 03:00:00,BV1uUGu6yEdL,2026-08-02,21.0,0.875
（知识科普）三角洲新手必须掌握的最基础20个小知识，你不会还不知道吧？,颜心做的cat,网络游戏,111890,10328,404,2182,4186,1897,157,654,2026-08-01 12:30:00,BV1bzGG6EEC3,2026-08-02,11.5,0.4791666666666667
同时让2000条埃及塘鲺，互相合体，最终能否诞生白骨之王？！,蔡武年,小宠异宠,423800,20489,588,1379,6790,4404,271,494,2026-08-01 08:00:00,BV1fD3w6KEEm,2026-08-02,16.0,0.6666666666666666
第三集 莱德 | GTA SA 真人版连续剧,薯条超人CCStray,单机游戏,194256,17909,642,931,4053,10027,956,552,2026-08-01 04:30:00,BV1HqGP6mEXR,2026-08-02,19.5,0.8125
《四驱兄弟》骗了我20年，直到我把真车改成了四驱车,所长Wy,汽车生活,606925,18523,518,798,2767,2296,150,473,2026-08-01 10:25:39,BV1xtGV61Et4,2026-08-02,13.5725,0.5655208333333334
喜欢和客人打成一片的便利店员工,拧不动啊真拧不动,单机游戏,174725,14657,501,2193,4961,1755,236,2989,2026-08-01 13:35:45,BV1KPGG6GEGB,2026-08-02,10.404166666666667,0.43350694444444443
打开心脏：突破生命的终极雷池,大圆镜科普,科学科普,505889,51607,620,1230,5085,1504,469,467,2026-08-01 00:03:30,BV11GGT6hEZi,2026-08-02,23.941666666666666,0.9975694444444444
MC装备竟然变成了抽卡！传说万倍伤害！？ #我的世界 #游戏 #MC,一个小立丶,单机游戏,840527,12622,85,352,8092,541,41,407,2026-08-01 00:30:00,BV15eGN6BEHZ,2026-08-02,23.5,0.9791666666666666
1分钟！教你还原三角洲阿萨拉扑克牌的花式动作！！！,乔治乔治君,野生技能协会,138836,18015,182,831,4757,1153,134,216,2026-08-01 10:00:00,BV1Ei3t6kEhR,2026-08-02,14.0,0.5833333333333334
全网价格最低的成吉思鸡！吃一顿仅需0.7元，比印度还疯狂！,NBzhuoc大,搞笑,286287,15094,455,796,2651,1522,426,542,2026-08-01 10:37:35,BV1HiGV6uEHi,2026-08-02,13.373611111111112,0.5572337962962963
2026年8月1日，分享一首歌！,央视军事,科工机械,293049,61662,890,1527,6706,14053,2111,146,2026-08-01 04:30:00,BV13UGu6yEj6,2026-08-02,19.5,0.8125
这个乐于助人的AI助手逐渐拥有了自我意识【恐怖杂烩汤[6]】,匿名Tian,单机游戏,212570,23617,802,4144,6670,4743,392,845,2026-08-01 08:30:00,BV1buGT6YEKz,2026-08-02,15.5,0.6458333333333334
【特摄吐槽】谁家反派当了几十年火柴人？,不语の说笑人,特摄,290958,22329,742,1223,6002,2773,346,1100,2026-08-01 04:00:00,BV1pHGT6sEPn,2026-08-02,20.0,0.8333333333333334
予愿安洁莉娜的入职测试！【明日方舟】,-碱式碳酸咸鱼-,手机游戏,966321,49057,5217,812,3004,1804,5171,98,2026-08-01 05:05:15,BV1vFGu67Ens,2026-08-02,18.9125,0.7880208333333334
又要上缴利润？韩国会被美国吸干吗？,世界见闻录,人文历史,444274,27391,1794,984,4421,1659,291,639,2026-08-01 10:05:00,BV1D7GP68ECD,2026-08-02,13.916666666666666,0.579861111111111
花重金凑齐全球17款可乐，喝起来差距到底有多离谱？,记录生活的蛋黄派,美食测评,489711,23099,842,721,3112,2989,610,417,2026-08-01 09:30:00,BV1743y6XERB,2026-08-02,14.5,0.6041666666666666
“当全世界都知道你10天后成为超人（9）”,小火猫meme日记,人文历史,393017,26887,1104,451,6942,1356,162,135,2026-08-01 05:44:36,BV1LkG364EGt,2026-08-02,18.256666666666668,0.7606944444444445
威龙“凌霄戍卫”COS！纪念退伍第十二年！战友们八一节快乐！,战辉,日常,1008445,134311,1116,360,6963,3741,610,33,2026-08-01 03:34:00,BV1zaGu6xEjy,2026-08-02,20.433333333333334,0.8513888888888889
始于一位机械少女，终于一位机械少女,醉酒的丘丘人,GMV,108090,14008,367,138,4251,2053,542,189,2026-08-01 11:56:57,BV19uGV6oEpx,2026-08-02,12.050833333333333,0.5021180555555556
太上忘情!凡人文戏藏了多少伏笔?《凡人修仙传》185逐帧解析,利维坦mY,动漫杂谈,430852,29833,3025,2226,2452,9226,578,726,2026-08-01 10:32:01,BV1JiGV6uE1L,2026-08-02,13.466388888888888,0.561099537037037
【歌手2026】尤长靖《如果你也这样过》 一场盛大的孤独,尤长靖,明星综合,411207,8993,2656,3510,3858,8087,1947,314,2026-08-01 04:11:22,BV1B9GM6HE35,2026-08-02,19.810555555555556,0.8254398148148149
【整活】石头剪刀布，但是你先出,植物大战僵尸2,单机游戏,522931,26342,1203,141,1226,588,118,42,2026-08-01 11:00:00,BV1ekGu6UEQf,2026-08-02,13.0,0.5416666666666666
《釜山行》导演新作！全新丧尸会集体进化，是丧尸爽片还是降智烂作？万字拆解《群体》,迷影至下Filmlast,影视杂谈,230250,8428,680,3313,4426,1184,507,4383,2026-08-01 10:00:00,BV1TZGu6BEpJ,2026-08-02,14.0,0.5833333333333334
盛宇yamy打加木翁杰这场是真正的巅峰对决!!!!本场发挥都很不错 这期大家耳朵有福了!!我还是觉得AThree那奇沃夫该赢【艾德宝陪您巅峰第六期上】,ADBABY打你屁屁,乐评盘点,257237,6071,1309,4496,1574,2249,287,2321,2026-08-01 13:52:08,BV1PTGG6gERD,2026-08-02,10.13111111111111,0.4221296296296296
见到朋友爸妈我就这样,粤知一二,搞笑,484455,39589,216,359,1853,974,260,442,2026-08-01 04:00:00,BV1t4GP6sEVn,2026-08-02,20.0,0.8333333333333334
【雾岛学院1x1】自相残杀游戏再度重启，十六位up主如何逃离宿命的循环？「周年纪念篇·上」,安布罗CriStian,单机游戏,200875,22845,4849,34622,15080,13044,1500,4979,2026-08-01 10:00:00,BV1FKGM6sE31,2026-08-02,14.0,0.5833333333333334
淘汰盒皮肤外观？幸运鸟窝规则回忆！三角洲第一代数值怪到底什么水平？黑海北极星测评！,Key725,网络游戏,419274,21947,3169,905,4162,4604,755,296,2026-08-01 12:00:00,BV1tnGV6JEX3,2026-08-02,12.0,0.5
夺舍成功！今天是囚师傅和小文文的日记——《勇闯柬埔寨》第十一集,王师傅の日记,日常,340682,25347,2486,11033,4815,30584,686,3812,2026-08-01 07:50:09,BV1BdGg6ZEsV,2026-08-02,16.164166666666667,0.6735069444444445
【明日方舟】直到大地变成一颗酸橙 全剧情流程实况 杨颜同学,杨颜同学,手机游戏,275398,12755,2097,4064,3990,1863,263,26948,2026-08-01 11:57:14,BV1eNGV68Efv,2026-08-02,12.046111111111111,0.5019212962962963
以身入局，澳门赌场究竟有多可怕？,叶小十同学,社科·法律·心理,320687,15562,3231,1802,5804,3723,2040,866,2026-08-01 02:00:00,BV1dyGF6xEgF,2026-08-02,22.0,0.9166666666666666
300抽0安洁莉娜,百亿亿亿亿,手机游戏,334480,20137,6746,1240,1500,5898,4834,530,2026-08-01 03:57:28,BV1ksGu6cEwt,2026-08-02,20.04222222222222,0.8350925925925926
【怒九】进来被我表白！！,怒九笑,单机游戏,488850,43386,1023,2614,13161,11031,939,1159,2026-08-01 04:00:00,BV1cPGM6dEA7,2026-08-02,20.0,0.8333333333333334
为什么说中华娘小曲的爆火本质是一场恶性盗版事件？,天黑千夜,单机游戏,257022,16531,1071,634,3422,3938,440,466,2026-08-01 03:30:00,BV1SbGM6BEJb,2026-08-02,20.5,0.8541666666666666
珊比的入职测试！【明日方舟】,-碱式碳酸咸鱼-,手机游戏,1022046,46473,2736,570,2358,1397,5305,68,2026-08-01 06:16:19,BV1udG36mEHj,2026-08-02,17.728055555555557,0.7386689814814815
【荣耀梯度排行69】没有手法，全是强度！,月爱,电子竞技,350049,42499,4613,1735,3245,12550,2629,491,2026-08-01 09:19:20,BV1CyGg6KEG4,2026-08-02,14.677777777777777,0.611574074074074
「小白」超前实测REDMI K100 Pro Max：性能到底如何？,小白测评,数码,491642,20295,4110,2404,3849,2329,3481,279,2026-08-01 08:00:00,BV1oyGw6PEJJ,2026-08-02,16.0,0.6666666666666666
【我的幽灵女友官方】#122 得到苍蝇帮助的苏茜,dsand00,同人·手书,565142,51645,270,172,4584,1083,311,50,2026-08-01 13:57:10,BV1R4GG6xEnC,2026-08-02,10.047222222222222,0.4186342592592593
女童基因治疗后死亡，带节奏的报道全都搞错了重点,蓝大侠-遗传学家蓝田,日常,133485,15836,1765,803,4709,13713,1897,1102,2026-08-01 12:12:44,BV1tzGG6EEjU,2026-08-02,11.787777777777778,0.49115740740740743
有什么在阻止我顺利完成这期伟大的杂谈,果蝇轰,手机游戏,229059,29087,1426,946,4154,7437,430,396,2026-08-01 10:58:49,BV1ZcGV6AEEG,2026-08-02,13.019722222222223,0.5424884259259259
【星穹杯】星启模式选手岂不是疯狂坐牢？BP疯狂反转绝对无法预料的比赛走向！AG大战狼队，知更鸟能否打破不胜传说？第十七届星穹杯姬子·启行篇正赛！,谁叫我洋葱,手机游戏,220862,22597,1322,2883,3840,10250,2007,2375,2026-08-01 10:38:43,BV16zGV6TEuM,2026-08-02,13.354722222222222,0.5564467592592592
予愿安洁莉娜 VS 方舟精英BOSS，泰拉人能飞！【明日方舟】,-碱式碳酸咸鱼-,手机游戏,585705,32540,3834,1157,2858,2414,2792,479,2026-08-01 08:51:04,BV1UvGg6GEB1,2026-08-02,15.148888888888889,0.6312037037037037
什么叫冰神真是女娲？,李JOJOJOJO,搞笑,485737,65712,3034,2748,3459,1517,1958,133,2026-08-01 05:55:35,BV1swGG6CEXf,2026-08-02,18.073611111111113,0.7530671296296297
寒冰射手娘化？外冷内热！,庄特纯,单机游戏,290387,21560,1937,655,4505,3191,601,492,2026-08-01 13:03:13,BV1kQGG6uEfw,2026-08-02,10.946388888888889,0.45609953703703704
这就是为什么我愿意相信鼠鼠的原因,阿战-三角洲行动,网络游戏,531913,20124,320,341,3235,716,76,322,2026-08-01 01:05:00,BV1F1GM6ZEop,2026-08-02,22.916666666666668,0.9548611111111112
凌晨你被困在车祸公路，没有活人！但总感觉有人盯着你！,与山0v0,单机游戏,341410,32615,836,1422,7921,7055,219,1013,2026-08-01 07:00:53,BV1JvG36wE4X,2026-08-02,16.985277777777778,0.7077199074074074
恶人自有恶人磨,脱缰凯Kk,小剧场,443164,35603,1715,1394,3687,1254,255,201,2026-08-01 09:43:58,BV1ykGg6qEFF,2026-08-02,14.267222222222221,0.5944675925925925
⚡黑 虎 阿 福 摇 一 摇⚡,爱狂三的星总,鬼畜剧场,140171,18554,451,85,4673,2143,1112,100,2026-08-01 08:39:40,BV1uYGg6yEeE,2026-08-02,15.338888888888889,0.6391203703703704
无奖竞赛：如何从F35坠毁总结出美国又赢了？,波士顿圆脸,社科·法律·心理,488262,34081,2432,4160,3383,1620,535,457,2026-08-01 11:48:54,BV1eKGV6fEzx,2026-08-02,12.185,0.5077083333333333
不是我喜欢的屠夫，直接肘开！,绿豆煮不透,手机游戏,191116,31979,736,213,9785,1315,3350,83,2026-08-01 01:42:09,BV1o7Gg69E6p,2026-08-02,22.2975,0.9290625
王主任：我在无限感受中,应激兄弟1,日常,917997,56467,307,401,5672,619,241,55,2026-08-01 05:00:00,BV154GA6vE1w,2026-08-02,19.0,0.7916666666666666
《魔兽争霸3》，用所有魔法强化1个技能，谁能击杀考哥儿？,公孙雅量,电子竞技,119127,6713,767,2760,626,1831,62,1775,2026-08-09 03:30:00,BV1mHu76WE9L,2026-08-10,20.5,0.8541666666666666
抢节奏还是压遗产？,凉哈皮,手机游戏,129480,11921,471,250,2681,7150,238,466,2026-08-09 03:00:00,BV1Lsuj6YEkd,2026-08-10,21.0,0.875
穿越之我是奥特老六（二）,月光Brave,特摄,26394,4327,474,974,1274,2332,622,647,2026-08-09 08:13:06,BV1w1uy6XEk3,2026-08-10,15.781666666666666,0.6575694444444444
❤️可是4姐小羊觉得菜月昴很热血啊❤️,4姐小羊,仿妆cos,177479,19267,6824,2633,2720,2351,3094,39,2026-08-09 02:36:34,BV1jWuj6PET9,2026-08-10,21.390555555555554,0.8912731481481481
【莱昴】秘密（国王if）,月刺啾,MAD·AMV,65659,15682,1757,695,6578,7495,850,66,2026-08-09 03:56:19,BV1n5uj6gEJS,2026-08-10,20.06138888888889,0.8358912037037037
我给环卫工送水，跑完了3公里,L泓帆,日常,40378,9538,344,184,865,5428,142,209,2026-08-09 06:04:46,BV1U9u16KE7H,2026-08-10,17.920555555555556,0.7466898148148148
【翻唱】『且听风吟』风会告诉你，远方何处去,思诺snow,翻唱,57730,10989,1091,308,2501,9853,626,268,2026-08-09 05:00:00,BV1pvub65EaY,2026-08-10,19.0,0.7916666666666666
第666枚核弹，献给我最爱的122炮重坦杠二,彗殒_Starfall,网络游戏,89170,12353,772,833,1356,1901,395,469,2026-08-09 04:00:00,BV1kEGN6UEJj,2026-08-10,20.0,0.8333333333333334
【人森】用两个AI捏人，竞争傲娇粪！,里昂聊游戏,单机游戏,47480,5746,613,3822,1825,876,91,2101,2026-08-09 07:48:49,BV1EQuy6UE9e,2026-08-10,16.18638888888889,0.6744328703703704
我花了1600做了个新发型，你们来给我打个分儿。。,王师傅の日记,日常,125592,7477,1593,5791,714,4097,214,825,2026-08-09 04:02:53,BV1n7uj6MEyi,2026-08-10,19.951944444444443,0.8313310185185184
旱灾、火灾、河水减少、电力紧缺，2026年欧洲太刺激了,肝帝董佳宁,社科·法律·心理,90327,8942,450,837,1319,757,67,861,2026-08-09 02:41:11,BV1qsuj6YEuS,2026-08-10,21.31361111111111,0.8880671296296296
直到大地变成一场演唱会,苦力怕到此一游,网络游戏,96213,11320,469,124,981,601,334,71,2026-08-09 06:00:00,BV16Euj6qEMC,2026-08-10,18.0,0.75
穷玩车，富玩表，顶富还得玩大头儿子天天乐跑【周余】,不知所措的周余,动漫杂谈,67857,6254,312,360,1390,820,115,243,2026-08-09 03:45:00,BV19KuL6dE71,2026-08-10,20.25,0.84375
能忍住不抽的是这个👍,银发の半精灵,MAD·AMV,51618,8491,81,206,1007,634,514,82,2026-08-09 06:25:11,BV1amu16gEdx,2026-08-10,17.580277777777777,0.7325115740740741
打牌第一步先烧牌？死了还能留遗物的卡牌肉鸽！什么叫前辈的尸体在说话？,钓钩钧XJ,手机游戏,67619,6201,111,78,1140,1231,228,448,2026-08-09 04:00:00,BV1r4u36dEpg,2026-08-10,20.0,0.8333333333333334
光之呼吸最终型-迪迦奥特曼 无惨的末日,磷火动漫,同人·手书,76810,6254,459,2000,2277,1849,113,725,2026-08-09 03:00:00,BV1VAu36VEJK,2026-08-10,21.0,0.875
除了学习什么都学的舅舅！！四十七集,猫meme电影院,配音,35116,4931,246,372,790,1299,25,320,2026-08-09 07:45:13,BV1XGu768EVK,2026-08-10,16.246388888888887,0.6769328703703703
【明日方舟】夏活“直到大地变成一颗酸橙”TO-EX1~8低配平民攻略！操作轻松+语音详解的愉悦攻略！《明日方舟》|魔法Zc目录,魔法Zc目录,手机游戏,91444,6695,393,188,889,1771,203,1413,2026-08-09 04:00:00,BV11WuL65EE6,2026-08-10,20.0,0.8333333333333334
他把卡车撞死了😭😭,快乐的台长,日常,419851,7106,140,165,1879,700,152,237,2026-08-09 04:00:00,BV1MHu76sEEY,2026-08-10,20.0,0.8333333333333334
豆瓣9.2分！真·神级犯罪推理综艺，你能猜到凶手吗？！,竖了个三,影视杂谈,57003,2923,118,298,1564,1388,55,2114,2026-08-09 03:00:00,BV1DGuL6QEgj,2026-08-10,21.0,0.875
【如懿传吐槽25】大如誓死守护婆婆！渣龙永远追随主人！寒宫祭祀烧假纸 海兰孕育大棋子,衰兰送客咸鸭蛋,影视杂谈,29149,3103,416,860,646,1741,51,1805,2026-08-09 07:58:48,BV1oRuy61EwM,2026-08-10,16.02,0.6675
BLG官宣Flandre加入,英雄联盟赛事,电子竞技,476489,10427,6549,411,773,832,11325,32,2026-08-09 06:44:13,BV1KLu16AEvV,2026-08-10,17.263055555555557,0.7192939814814815
⚡进 来 挨 电⚡你能忍受铁道双子的洗脑么⚡⚡⚡⚡⚡⚡⚡⚡⚡⚡BA接力第1棒！【bilibilionly同人扶持计划】,莉可Kurisu,鬼畜调教,218716,33053,952,934,25868,4437,2130,75,2026-08-09 04:00:00,BV19Bun6gE2B,2026-08-10,20.0,0.8333333333333334
梨诺：挂机流辅助，电诀抢着要！干员实战攻略，武器装备潜能配队全面测评,让你爱上学习,手机游戏,280621,7639,3609,1045,3029,1760,737,1598,2026-08-09 04:00:00,BV1twuj6EEYf,2026-08-10,20.0,0.8333333333333334
美国最脆顶级炸鸡店！2块钱一块！1桶5斤有多离谱？,子文又饿了,美食侦探,52780,4487,227,791,955,856,162,638,2026-08-09 09:00:00,BV1Neug6AESU,2026-08-10,15.0,0.625
【终末地】梨诺首发攻略！奶量+超高增幅！庄方宜诀喝大汤！技能武器+装备配队+操作思路+基质升级差距+抽取建议！小偶像梨诺全方位强度养成攻略！明日方舟终末地,梦轩dada,手机游戏,188608,7907,1294,225,1693,1258,183,266,2026-08-09 04:00:00,BV1bfuL6nEi1,2026-08-10,20.0,0.8333333333333334
这是”轨道炮“陷阱！,幕川北,单机游戏,323842,27438,589,1197,3583,3240,201,571,2026-08-09 02:00:00,BV1ZRuG6xEGK,2026-08-10,22.0,0.9166666666666666
什么破枪，怎么步枪伤害和手枪差不多【亡者世界】,磊哥游戏,单机游戏,434432,44979,1264,836,2977,3811,483,350,2026-08-09 01:00:00,BV1yNu56BEAp,2026-08-10,23.0,0.9583333333333334
多少友谊能长存,马哥巨离谱,搞笑,136406,13572,679,653,1312,5986,467,547,2026-08-09 06:19:22,BV1PruG6KEb9,2026-08-10,17.677222222222223,0.736550925925926
日本右翼的“核爆”牌 洗不掉当年欠下的血债,央视新闻,日常,165495,15662,661,408,872,641,214,348,2026-08-09 01:24:47,BV1PSuj6jEXE,2026-08-10,22.586944444444445,0.9411226851851852
“当全世界都知道你10天后成为超人（17）”,小火猫meme日记,人文历史,159131,13301,631,424,2754,749,68,126,2026-08-09 06:27:55,BV1Q1u16rESJ,2026-08-10,17.53472222222222,0.7306134259259259
差点以为要被拐了…这么偏僻的海岛上还有这种表演？【vlog24】,兔兔不会秃秃,日常,182705,14872,736,513,3867,2207,149,441,2026-08-09 04:18:53,BV1wGuj6kEga,2026-08-10,19.685277777777777,0.8202199074074074
「普瑞赛斯｜核心危机」,水霓代子想当欢乐企鹅,同人·手书,97531,13840,414,139,5511,4702,1198,232,2026-08-09 01:00:00,BV1Miu567Epu,2026-08-10,23.0,0.9583333333333334
【速凌宇宙】第二十四集：来的时候也没人告诉我巴别塔这么热闹啊！,高司令-速凌电竞,单机游戏,296346,28109,956,6010,8146,5915,518,572,2026-08-09 03:53:15,BV1p5uj6gEuR,2026-08-10,20.1125,0.8380208333333333
球球了，我平时好像不长这样啊啊！！,柯洁,影视剪辑,903915,142816,7053,814,4637,4167,5851,21,2026-08-09 05:27:33,BV1EVu26pEj3,2026-08-10,18.54083333333333,0.7725347222222222
【TOP演唱会】难听的高音就算捂住耳朵也会从缝隙钻进来,接二连珊妄想症,娱乐杂谈,99981,12158,916,4801,1758,3331,1099,767,2026-08-09 09:30:00,BV1c1uy6XE5V,2026-08-10,14.5,0.6041666666666666
《明日方舟：终末地》梨诺EP - Mirairo Rider,明日方舟终末地,手机游戏,814394,55261,6583,3485,13038,18236,9041,964,2026-08-09 03:00:00,BV16euL6qETC,2026-08-10,21.0,0.875
【独家】牧神记 第95集 皇帝“驾崩”,哔哩哔哩国创,国产动画,1630063,20369,894,6276,2256,18079,116,1284,2026-08-09 03:00:01,BV1dSuM6VERb,2026-08-10,20.99972222222222,0.8749884259259259
四代同框,脱缰凯Kk,小剧场,177129,21638,722,2755,3100,1793,267,227,2026-08-09 09:21:13,BV1Bqum6dET6,2026-08-10,14.64638888888889,0.6102662037037038
难绷！小偶像戴上雷霆面具，难道是...三角初华？二角梨诺！,zcy902,同人·手书,297106,28557,582,603,5025,3701,2124,197,2026-08-09 03:30:00,BV1MSuu6PEYy,2026-08-10,20.5,0.8541666666666666
新篇章 | 《穿越火线：潜伏》CF IP嘉年华发布现场,穿越火线潜伏,单机游戏,510346,16075,242,53,1314,666,220,479,2026-08-09 03:06:36,BV1eCuV6XEga,2026-08-10,20.89,0.8704166666666667
【独家】《记忆管理局》第4集 燃灯与灰火【8月国创】,哔哩哔哩国创,国产动画,489867,6757,1194,2841,1373,4152,391,1448,2026-08-09 04:00:01,BV1FdMk65EY2,2026-08-10,19.99972222222222,0.8333217592592592
【巫师】万字吃透科技国运暴富机会，以及我是怎么亏的,巫师财经,财经商业,104200,6629,888,559,3877,3095,1516,1622,2026-08-09 07:35:00,BV1hxug6BEL6,2026-08-10,16.416666666666668,0.6840277777777778
《异环》1.3版本PV「雾中朔望星回」,异环,单机游戏,1750993,41195,3422,831,5997,3039,1385,648,2026-08-09 03:00:00,BV1egM16kE9D,2026-08-10,21.0,0.875
新能源车型越来越重，底盘还能兜得住吗？,胜利文绉绉,新能源车,371680,9232,480,594,2193,3630,1051,571,2026-08-09 03:00:00,BV1TXuu6wEKU,2026-08-10,21.0,0.875
《光与夜之恋》全新活动PV：金港往事,光与夜之恋,手机游戏,984007,31679,1351,1379,4238,3666,2165,232,2026-08-09 01:00:00,BV1Btuu67EA2,2026-08-10,23.0,0.9583333333333334
对话诺兰！导演亲手翻开了《奥德赛》的另一面,影视飓风,数码,427041,38618,1254,1135,7497,8165,2117,845,2026-08-09 03:00:00,BV1Apu368EeY,2026-08-10,21.0,0.875
宝藏月点位一图流来啦！但藏宝图在哪呢？神秘蜂医流出？鸟窝货不对板！夜坝没有宝藏！彩蛋门假密码！事已至此来薅局外羊毛吧！,Key725,网络游戏,286682,15016,2489,1477,2764,1242,371,415,2026-08-09 02:00:00,BV1AyuG6PEUU,2026-08-10,22.0,0.9166666666666666
锐评绝区零搜打撤 制作组真的夸张 能让这么逆天的东西出来,东方寒兔,手机游戏,112511,8774,1672,398,1022,2103,662,539,2026-08-09 03:47:14,BV1tfuL6nE4J,2026-08-10,20.212777777777777,0.842199074074074
当恐怖美学的“美”压过“恐怖”，会发生什么？-【恶灵附身2】终极鉴赏  (Leya蕾雅),Leya蕾雅,单机游戏,34328,2595,191,291,1336,1048,70,2574,2026-08-09 08:38:41,BV13Ku16uENP,2026-08-10,15.355277777777777,0.6398032407407407
会发光の移动galgame！,ACG外观研究社,数码,58031,8415,41,160,3551,5199,32,340,2026-08-09 06:12:16,BV1dBu16jE7B,2026-08-10,17.795555555555556,0.7414814814814815
八星大佬不为人知的一战,争取最后的自由,汽车生活,175405,15364,594,889,1853,994,629,466,2026-08-09 01:00:00,BV1ywu566Ere,2026-08-10,23.0,0.9583333333333334
当屈原开粉丝签售会,混饭达人,娱乐杂谈,109652,19163,380,518,1818,1212,377,394,2026-08-09 03:12:27,BV1gvuj6dEV4,2026-08-10,20.7925,0.8663541666666666
外国大肘子连续肘击兔娘猫罐张诗尧？！,猛男舞团IconX,日常,252818,23836,265,110,1501,1638,346,67,2026-08-09 04:03:21,BV1Geuj64EpW,2026-08-10,19.944166666666668,0.8310069444444445
有个姐姐也不错！,小草莓林杉杉,日常,194054,14354,159,126,4539,1222,46,30,2026-08-09 04:19:40,BV1hmu36GEvk,2026-08-10,19.67222222222222,0.8196759259259259
【梨诺】首发攻略 电+自然核心辅助 角色定位/技能解析/配队推荐/养成推荐/潜能/抽取建议,YZ-月咒,手机游戏,249074,6915,2704,535,1335,1503,567,470,2026-08-09 04:05:00,BV1H5uj6gErY,2026-08-10,19.916666666666668,0.8298611111111112
【战双帕弥什】动画短片 | 于频率中相汇,战双帕弥什,手机游戏,179931,19436,657,280,4011,6918,1209,89,2026-08-09 03:00:00,BV16iMr6MEwn,2026-08-10,21.0,0.875
